date;time;batch;tree id;treatment;replicate;X;Y;E;A;Ca;Ci;gsw;VPcham;VPDleaf;Q_out;comment
28/06/2023;18:03:57;1;BQ1;cooled;1;u;no;0,000899284;3,496385198;395,373129;296,7898582;0,062419673;2,299934924;1,428348866;0;outlier
28/06/2023;18:04:27;1;BQ1;cooled;1;u;no;0,000918973;3,558684808;395,2877097;297,0086854;0,063764026;2,30789043;1,429050244;0;outlier
28/06/2023;18:05:09;1;BQ1;cooled;1;u;no;0,00092898;3,535704504;395,3143667;298,7284505;0,064576743;2,296720634;1,426738054;0;outlier
28/06/2023;18:17:53;1;BQ2;cooled;1;v;no;0,000462576;1,871433563;397,5432581;293,146357;0,031287384;2,260590937;1,456970483;0;outlier
28/06/2023;18:19:14;1;BQ2;cooled;1;v;no;0,000473007;1,872902638;397,5326774;295,3072322;0,032043582;2,257878246;1,454841759;0;outlier
28/06/2023;18:31:30;1;BQ3;cooled;1;w;no;0,000110516;0,178167726;399,7236129;352,2094671;0,007407669;2,239631637;1,463746179;0;outlier
28/06/2023;18:32:18;1;BQ3;cooled;1;w;no;0,000105463;0,232247504;399,6642333;337,9848679;0,007041669;2,238578508;1,4693233;0;outlier
28/06/2023;18:33:31;1;BQ3;cooled;1;w;no;9,70E-05;0,27920993;399,6286333;322,2393535;0,006502902;2,243504684;1,462530909;0;outlier
28/06/2023;18:41:05;1;BQ3;cooled;4;x;no;9,70E-05;0,241055225;399,6481613;331,5811928;0,006506639;2,231194173;1,46248418;0;outlier
28/06/2023;18:41:26;1;BQ3;cooled;4;x;no;9,94E-05;0,28865547;399,5935161;318,9327236;0,006440928;2,2328224;1,513915368;0;outlier
28/06/2023;18:41:46;1;BQ3;cooled;4;x;no;2,46E-05;0,340543105;399,5671935;47,91231981;0,001574893;2,235542827;1,531092476;0;outlier
30/06/2023;15:21:34;1;BQ1;cooled;1;y;a;0,004214488;14,05648947;393,694;305,2331351;0,293861803;2,416472579;1,468309887;130,1002581;
30/06/2023;15:25:17;1;BQ1;cooled;1;y;a;0,004312645;14,7657478;393,4103871;303,096758;0,301869055;2,410943634;1,46466001;124,0331613;
30/06/2023;15:25:49;1;BQ1;cooled;1;y;a;0,004272044;14,97880532;393,3376452;300,9541165;0,298463541;2,419326663;1,466298909;120,4203226;
30/06/2023;15:41:57;1;BQ1;cooled;2;a;a;0,001309648;8,959719712;396,2104;202,9709347;0,078391426;2,428081233;1,644092067;275,8862;
30/06/2023;15:43:11;1;BQ1;cooled;2;a;a;0,001602279;9,11189071;396,0988;235,1687959;0,097083458;2,439512635;1,629641995;206,6194667;
30/06/2023;15:44:16;1;BQ1;cooled;2;a;a;0,001503283;9,371570792;396,0187419;219,1004409;0,090200283;2,437571785;1,643580089;269,0565484;
30/06/2023;15:58:25;1;BQ2;cooled;1;aa;aa;0,001922198;9,680458807;395,8234333;251,5103354;0,116318456;2,458008287;1,636770477;217,9356;
30/06/2023;16:00:09;1;BQ2;cooled;1;aa;aa;0,001947608;9,966812498;395,7069;250,2336536;0,1187189;2,463372553;1,625508899;230,0617667;
30/06/2023;16:01:45;1;BQ2;cooled;2;ab;aa;0,001961685;10,23829656;395,5972258;246,9271045;0,119164265;2,465549626;1,631191633;232,2580645;
30/06/2023;16:22:33;1;BQ2;cooled;2;ab;aa;0,001709166;9,442214637;395,9402;236,5765494;0,101835637;2,463794905;1,657503966;144,1395333;
30/06/2023;16:23:14;1;BQ2;cooled;2;ab;aa;0,001588697;9,666669051;395,8977742;221,8734709;0,094783332;2,477097915;1,65297259;137,1940323;
30/06/2023;16:30:13;1;BQ3;cooled;1;ac;ab;0,000923305;2,430160699;398,8720667;300,0860377;0,044902494;2,161308779;2,012300245;123,6693667;
30/06/2023;16:30:46;1;BQ3;cooled;1;ac;ab;0,000912258;2,729525924;398,7647419;288,0451725;0,044278251;2,169366367;2,015814515;121,5917742;
30/06/2023;16:32:06;1;BQ3;cooled;1;ac;ab;0,000877856;2,690145674;398,7861;286,2819743;0,042822253;2,183886956;2,00506603;121,8681667;
30/06/2023;16:39:26;1;BQ3;cooled;2;ad;ab;0,000959362;3,548116062;398,4199355;267,5634686;0,047644798;2,196918511;1,970939867;231,774129;
30/06/2023;16:40:34;1;BQ3;cooled;2;ad;ab;0,000957366;3,616570401;398,4169032;264,6278433;0,047398336;2,196056656;1,976910769;233,1351613;
30/06/2023;16:43:14;1;BQ3;cooled;2;ad;ab;0,000937581;3,906683532;398,2982667;252,445515;0,046542012;2,188446943;1,971558413;202,5206667;
03/07/2023;16:09:50;1;BQ1;cooled;1;ae;ac;0,000652114;4,087007898;394,7822;243,6663183;0,045816131;2,22538134;1,385592088;446,4948;outlier
03/07/2023;16:10:43;1;BQ1;cooled;1;ae;ac;0,000661131;4,157093577;394,6942;242,1430777;0,046153132;2,228246876;1,394589787;331,8927333;outlier
03/07/2023;16:11:23;1;BQ1;cooled;1;ae;ac;0,000668069;4,195778304;394,596871;242,1791629;0,046629436;2,229798267;1,394825579;434,0972581;outlier
03/07/2023;16:21:46;1;BQ1;cooled;2;af;ac;0,000584608;3,988775733;394,9372903;233,2511243;0,041568242;2,195187173;1,368455023;298,658871;outlier
03/07/2023;16:22:59;1;BQ1;cooled;2;af;ac;0,000553123;4,049447462;394,8602333;221,6214373;0,039223823;2,206175101;1,37142721;414,6811;outlier
03/07/2023;16:24:09;1;BQ1;cooled;2;af;ac;0,000567812;4,115390232;394,7821935;221,5593121;0,039886271;2,206160371;1,384483504;431,9705484;outlier
03/07/2023;16:33:23;1;BQ2;cooled;1;ag;ad;0,000826387;4,001048954;394,8144667;278,7679112;0,059575039;2,207939548;1,354101215;159,8559;
03/07/2023;16:34:27;1;BQ2;cooled;1;ag;ad;0,000836158;3,987948754;394,7727333;280,5335447;0,060396783;2,201745077;1,351703173;89,76108;
03/07/2023;16:34:47;1;BQ2;cooled;1;ag;ad;0,000855655;4,251500456;394,5140667;272,5293618;0,060090078;2,202679286;1,3900433;207,3625333;
03/07/2023;16:49:26;1;BQ3;cooled;1;ah;ae;-2,02E-06;1,343741981;398,3840667;15053,82409;-0,000144998;2,154946516;1,343167425;77,89194;outlier
03/07/2023;16:53:33;1;BQ3;cooled;1;ah;ae;-2,65E-05;1,478191373;398,2602667;1654,304772;-0,001847734;2,14666971;1,386479573;131,9633333;outlier
03/07/2023;16:54:45;1;BQ3;cooled;1;ah;ae;-4,60E-05;1,489470822;398,2378387;1119,067467;-0,003226914;2,166214384;1,376774975;222,0523871;outlier
03/07/2023;17:43:47;1;BQ1;cooled;1;ai;af;0,000829015;8,128740771;389,8615806;173,204641;0,06238109;2,139715515;1,299887613;138,8191613;
03/07/2023;17:46:58;1;BQ1;cooled;1;ai;af;0,000877341;8,210425405;389,7110645;184,8359138;0,06680717;2,126955323;1,286007309;88,24754839;
03/07/2023;17:49:14;1;BQ1;cooled;1;ai;af;0,000883517;8,346101465;389,558;184,4721321;0,067832224;2,122808182;1,275629928;62,88476667;
03/07/2023;18:20:25;1;BQ1;cooled;2;aj;af;0,000840223;8,290706359;389,6813226;170,7506863;0,062950269;2,112119761;1,306511154;148,4241935;
03/07/2023;18:21:03;1;BQ1;cooled;2;aj;af;0,000852617;8,326856936;389,6221333;172,8119802;0,063876971;2,117300657;1,306724665;164,8329667;
03/07/2023;18:22:13;1;BQ1;cooled;2;aj;af;0,000870873;8,39159519;389,5304839;175,8355589;0,065362301;2,126507447;1,304626952;267,6505806;
04/07/2023;10:41:36;1;BC1;control;1;ak;ag;0,001766424;11,22750332;385,3720333;244,9250009;0,137237148;2,109354713;1,283384935;219,6307667;
04/07/2023;10:43:31;1;BC1;control;1;ak;ag;0,00171634;11,31847743;385,425871;241,3424384;0,134533524;2,130556087;1,271295034;143,1714516;
04/07/2023;10:44:43;1;BC1;control;1;ak;ag;0,001701611;11,36009662;385,4249333;239,3733356;0,13308574;2,13018099;1,273806327;316,5438667;
04/07/2023;11:00:11;1;BC1;control;2;al;ag;0,00190588;14,15517332;382,1289333;217,8557487;0,146854352;2,121013978;1,296579471;863,0795;
04/07/2023;11:01:08;1;BC1;control;2;al;ag;0,001867265;14,26866011;382,0422;214,0072998;0,144470789;2,123629996;1,290598494;580,0689333;
04/07/2023;11:02:04;1;BC1;control;2;al;ag;0,001887021;14,28922388;381,9672667;215,3569634;0,146010784;2,130580026;1,290939725;815,9568333;
04/07/2023;11:15:54;1;BC1;control;3;am;ag;0,003471424;12,66993475;383,1799032;301,7896834;0,28501487;2,084179008;1,248868309;230,5194516;
04/07/2023;11:17:30;1;BC1;control;3;am;ag;0,003373178;12,62602481;383,254;301,5399158;0,282158039;2,092902613;1,2251178;102,4342968;
04/07/2023;11:18:47;1;BC1;control;3;am;ag;0,003310374;12,59355262;383,3733871;300,9614851;0,278509962;2,088941149;1,217385234;84,2462;
04/07/2023;11:55:53;1;BC2;control;1;an;ah;0,003087248;14,68525981;380,9514194;276,6760037;0,250679025;2,105173337;1,25502785;122,4384194;
04/07/2023;11:56:44;1;BC2;control;1;an;ah;0,003120402;14,71185598;380,8848065;276,8577035;0,251933313;2,106224331;1,262469371;340,6464194;
04/07/2023;11:57:26;1;BC2;control;1;an;ah;0,003126496;14,6470659;380,8384;277,4459316;0,252505225;2,109267116;1,262085279;355,9780333;
04/07/2023;12:12:56;1;BC2;control;2;ao;ah;0,002636648;11,30981847;385,197129;290,1497763;0,212438451;2,097784428;1,256485887;210,947871;
04/07/2023;12:13:58;1;BC2;control;2;ao;ah;0,00263289;11,29484469;385,2061;290,7185791;0,213458548;2,111895206;1,248831666;533,7817;
04/07/2023;12:15:17;1;BC2;control;2;ao;ah;0,002599661;11,32306166;385,1725667;289,9023922;0,21193168;2,115166993;1,241659463;193,8797;
04/07/2023;12:31:16;1;BC2;control;3;ap;ah;0,002889037;13,70624826;382,1961333;276,4828747;0,23011271;2,123204978;1,275065036;122,5841667;
04/07/2023;12:31:56;1;BC2;control;3;ap;ah;0,002941171;13,75695136;382,1249032;278,1118809;0,235173824;2,122770446;1,27124795;118,6891613;
04/07/2023;12:32:39;1;BC2;control;3;ap;ah;0,002905146;13,78628941;382,1343871;277,2324194;0,233377081;2,121344927;1,264996053;83,32251613;
04/07/2023;12:48:01;1;BQ3;cooled;1;aq;ai;0,000224447;2,362308184;397,0344333;152,0735508;0,015873062;2,172763718;1,379216272;363,2988667;
04/07/2023;12:49:25;1;BQ3;cooled;1;aq;ai;0,00022857;2,32846548;397,1166333;159,1873948;0,016127843;2,164284167;1,382558648;357,3669333;
04/07/2023;12:50:35;1;BQ3;cooled;1;aq;ai;0,000230945;2,286600357;397,146871;164,47955;0,016212952;2,172900179;1,389455994;351,5225806;
04/07/2023;13:17:02;1;BQ3;cooled;3;ar;ai;0,000174676;1,481207981;398,1275667;198,2634691;0,012299193;2,173099251;1,384982816;238,3249333;
04/07/2023;13:18:40;1;BQ3;cooled;3;ar;ai;0,000181566;1,702277004;397,9134516;180,6255981;0,012948605;2,186221859;1,367606439;118,4547097;
04/07/2023;13:19:39;1;BQ3;cooled;3;ar;ai;0,000188838;1,775758085;397,7535161;178,4501655;0,013381547;2,18485098;1,376389031;257,9851613;
04/07/2023;13:38:38;1;BQ3;cooled;4;as;ai;0,000121424;0,87656663;398,8554194;227,4908436;0,008551234;2,201024175;1,384115346;419,1538387;
04/07/2023;13:40:08;1;BQ3;cooled;4;as;ai;0,000127513;0,928038498;398,8232258;225,0277163;0,008922786;2,202114136;1,392888839;386,142871;
04/07/2023;13:41:38;1;BQ3;cooled;4;as;ai;0,000171921;0,968313814;398,7904839;263,6382662;0,012161437;2,203254243;1,378815557;354,4511613;
04/07/2023;14:11:22;1;BQ2;cooled;1;at;aj;0,000785128;7,785683529;390,2762;164,3056653;0,057193733;2,183829857;1,351374911;357,9943333;
04/07/2023;14:12:52;1;BQ2;cooled;1;at;aj;0,000798714;7,736305894;390,357;170,4788669;0,058474069;2,178808235;1,345036063;376,7426774;
04/07/2023;14:14:22;1;BQ2;cooled;1;at;aj;0,000776888;7,659473252;390,4467742;164,7330441;0,056333331;2,176311068;1,357398203;244,564871;
04/07/2023;14:22:12;1;BQ2;cooled;2;au;aj;0,000524759;5,684670524;392,9213226;142,0639652;0,037377844;2,159778588;1,376952115;212,1120323;
04/07/2023;14:23:42;1;BQ2;cooled;2;au;aj;0,000554538;5,959533058;392,6016;145,8214027;0,039862633;2,1820499;1,364846445;70,53375333;
04/07/2023;14:25:12;1;BQ2;cooled;2;au;aj;0,000593624;6,19745015;392,2941613;152,0890554;0,042650174;2,188817245;1,366171699;240,0338387;
04/07/2023;14:45:21;1;BQ2;cooled;3;av;aj;0,000639603;6,597784893;391,7916129;155,425663;0,046189357;2,167070135;1,360489873;389,9190323;
04/07/2023;14:46:51;1;BQ2;cooled;3;av;aj;0,000646637;6,712027018;391,6676129;155,0027196;0,046926778;2,181342859;1,353781589;358,739871;
04/07/2023;14:48:21;1;BQ2;cooled;3;av;aj;0,000666541;6,820756642;391,5162581;157,5622108;0,048273053;2,17605642;1,357094294;426,6407097;
04/07/2023;15:10:42;1;BQ1;cooled;1;aw;ak;0,000469009;5,272917086;393,4201613;131,9799622;0,03320181;2,180285786;1,38429349;357,6307097;
04/07/2023;15:12:12;1;BQ1;cooled;1;aw;ak;0,000453032;5,255339492;393,498871;124,8959936;0,03217108;2,189808275;1,379845236;306,1520323;
04/07/2023;15:13:42;1;BQ1;cooled;1;aw;ak;0,000417698;4,990461329;393,8386774;119,2070018;0,029842334;2,19157485;1,370720544;369,6277097;
04/07/2023;15:32:40;1;BQ1;cooled;2;ax;ak;0,000350778;4,046879204;394,9889667;129,4813712;0,025042829;2,186432446;1,370896119;256,509;
04/07/2023;15:34:10;1;BQ1;cooled;2;ax;ak;0,000313522;4,055380366;394,9538667;95,64304264;0,022168907;2,187294679;1,383284706;265,6683333;low Ci
04/07/2023;15:35:40;1;BQ1;cooled;2;ax;ak;0,000301741;3,860311698;395,2453871;100,3430736;0,021424038;2,19148526;1,377579032;266,8201935;
04/07/2023;15:43:54;1;BQ1;cooled;3;ay;ak;0,000526555;5,850038434;392,7425161;139,8951571;0,038140158;2,169429311;1,354887962;217,934871;
04/07/2023;15:45:24;1;BQ1;cooled;3;ay;ak;0,000516786;5,927506067;392,6587097;131,2424134;0,037332487;2,176150306;1,358223567;221,0720323;
04/07/2023;15:46:54;1;BQ1;cooled;3;ay;ak;0,000515013;5,879071104;392,7289355;133,833658;0,037396543;2,183068244;1,351235207;228,949871;
10/07/2023;11:24:16;1;BQ3;cooled;1;az;al;9,98E-05;1,232829692;398,4723;103,6056892;0,006833002;2,244503098;1,44991296;198,4931333;
10/07/2023;11:26:35;1;BQ3;cooled;1;az;al;0,000110961;1,327064222;398,3552667;114,9118066;0,007661248;2,261457933;1,437665436;186,3885667;
10/07/2023;11:29:18;1;BQ3;cooled;1;az;al;8,59E-05;1,317561257;398,3957742;38,19034819;0,005941426;2,270118164;1,434388743;74,11076452;low Ci
10/07/2023;11:34:39;1;BQ3;cooled;2;ba;al;8,52E-05;0,815264965;398,984;172,2557599;0,00593068;2,21966499;1,426725322;47,69164;
10/07/2023;11:36:26;1;BQ3;cooled;2;ba;al;0,00010611;0,787832074;398,9821333;220,7447724;0,007376077;2,253581465;1,428005664;45,37167667;
10/07/2023;11:38:59;1;BQ3;cooled;2;ba;al;0,000100994;0,698053258;399,1002903;232,9409187;0,007037032;2,250094401;1,42463105;36,70423871;
10/07/2023;11:47:27;1;BQ3;cooled;3;bb;al;6,94E-05;0,629981003;399,1845333;179,7875102;0,004744404;2,23109205;1,451474791;309,0054667;
10/07/2023;11:50:06;1;BQ3;cooled;3;bb;al;6,80E-05;0,652534025;399,1807333;164,2365929;0,004577704;2,256692413;1,473747219;456,4467333;
10/07/2023;11:54:31;1;BQ3;cooled;3;bb;al;6,95E-05;0,617847768;399,2316333;170,6028611;0,004465549;2,288707873;1,541655982;418,3432667;
10/07/2023;12:01:14;1;BQ2;cooled;1;bc;am;0,000245033;3,282912799;395,9474839;74,60889615;0,016677715;2,287343017;1,460133013;136,2388387;low Ci
10/07/2023;12:03:29;1;BQ2;cooled;1;bc;am;0,000260639;3,524948014;395,6374333;74,84583537;0,017938521;2,29715893;1,444214522;139,8948667;low Ci
10/07/2023;12:04:48;1;BQ2;cooled;1;bc;am;0,000263606;3,545143329;395,6329333;81,94684283;0,018458052;2,283207913;1,420023036;235,9674;low Ci
10/07/2023;12:52:18;1;BQ2;cooled;2;bd;am;0,000400884;5,089703907;393,672;86,85557911;0,02716218;2,282268127;1,469129305;192,2848065;low Ci
10/07/2023;12:53:10;1;BQ2;cooled;2;bd;am;0,000447114;5,266547064;393,4867742;107,4911227;0,030236144;2,287209849;1,472676066;181,4591935;
10/07/2023;12:54:13;1;BQ2;cooled;2;bd;am;0,000446958;5,347881954;393,3796;99,86272752;0,029895646;2,281290822;1,48881926;184,1317;low Ci
10/07/2023;13:03:35;1;BQ2;cooled;3;be;am;0,000288423;3,756366301;395,3458387;86,45281212;0,019880277;2,260403361;1,442723664;193,4932581;low Ci
10/07/2023;13:04:22;1;BQ2;cooled;3;be;am;0,000273017;3,822313261;395,2456774;64,01233881;0,01882282;2,260627872;1,442105881;126,4186452;low Ci
10/07/2023;13:05:47;1;BQ2;cooled;3;be;am;0,000275262;3,959215589;395,074;53,75563566;0,018906398;2,265240137;1,447474267;309,7066129;low Ci
10/07/2023;13:51:36;1;BQ1;cooled;1;bf;an;0,000148834;1,211588296;398,4949333;197,7996307;0,010029015;2,301785811;1,471515715;134,4202333;
10/07/2023;13:53:33;1;BQ1;cooled;1;bf;an;0,000168144;1,274112487;398,3544;212,3691771;0,011423609;2,301679919;1,459932377;116,3578667;
10/07/2023;13:55:43;1;BQ1;cooled;1;bf;an;0,000163407;1,37977707;398,289;195,6555672;0,011298371;2,286334788;1,434905774;104,3523;
10/07/2023;14:06:42;1;BQ1;cooled;2;bg;an;0,000126598;1,758126766;397,833;73,41250301;0,008830472;2,255795033;1,422231123;152,9203226;low Ci
10/07/2023;14:07:58;1;BQ1;cooled;2;bg;an;0,000144048;1,783976018;397,7948333;108,629998;0,010089186;2,266208923;1,416600726;161,3858;
10/07/2023;14:09:33;1;BQ1;cooled;2;bg;an;0,000128996;1,675751494;397,9161613;93,26932511;0,008980336;2,258091726;1,42494005;170,2310323;low Ci
10/07/2023;14:15:46;1;BQ1;cooled;3;bh;an;0,000208444;2,822814705;396,5203226;71,10179006;0,014150747;2,266542455;1,462204439;147,8446774;low Ci
10/07/2023;14:17:19;1;BQ1;cooled;3;bh;an;0,000194293;2,590046064;396,8201935;79,70989124;0,013330276;2,288789331;1,446401955;121,9059677;low Ci
10/07/2023;14:19:28;1;BQ1;cooled;3;bh;an;0,00020106;2,240675147;397,1989677;132,670176;0,013905868;2,286066125;1,43510384;107,3468387;
10/07/2023;14:28:24;1;BC1;control;1;bi;ao;0,003524916;12,56861106;383,2788333;300,9812266;0,279780279;2,218737276;1,314059367;88,08916667;
10/07/2023;14:30:44;1;BC1;control;1;bi;ao;0,003478545;12,63623364;383,2553333;299,7919863;0,276734601;2,21805098;1,310319148;101,6888;
10/07/2023;14:33:22;1;BC1;control;1;bi;ao;0,003407516;12,6672096;383,2373;297,722782;0,269879118;2,209395902;1,314632049;133,1405;
10/07/2023;14:52:25;1;BC1;control;2;bj;ao;0,002370158;11,25699493;385,3733;271,4289375;0,173700151;2,254992557;1,395300925;620,7925333;
10/07/2023;14:55:26;1;BC1;control;2;bj;ao;0,002413346;11,24692737;385,3618333;271,5331485;0,173945595;2,277574211;1,418248231;341,3786;
10/07/2023;14:57:58;1;BC1;control;2;bj;ao;0,002417468;11,26475869;385,3814667;274,0797345;0,17834594;2,278743496;1,386832821;152,1244;
10/07/2023;15:07:10;1;BC1;control;3;bk;ao;0,001209213;9,989824407;387,4595806;191,8828888;0,085754004;2,290334744;1,418169012;215,4129032;
10/07/2023;15:08:33;1;BC1;control;3;bk;ao;0,001210491;10,02741688;387,4075161;191,5697603;0,085956142;2,293186983;1,41636817;153,5740323;
10/07/2023;15:10:16;1;BC1;control;3;bk;ao;0,001211008;10,05772845;387,3484516;190,940095;0,085954693;2,294885567;1,416982453;124,5934194;
10/07/2023;15:21:05;1;BC2;control;1;bl;ap;0,001973581;8,717039361;388,6216774;283,6707345;0,146360669;2,243896819;1,372247052;130,3400968;
10/07/2023;15:24:22;1;BC2;control;1;bl;ap;0,001991088;8,777321791;388,5296667;284,2311931;0,148366136;2,24457686;1,366348551;139,1152667;
10/07/2023;15:25:50;1;BC2;control;1;bl;ap;0,001958142;8,826789148;388,5034;282,3121114;0,146239288;2,248135993;1,362780944;179,7286667;
10/07/2023;15:37:40;1;BC2;control;2;bm;ap;0,001517322;7,504054652;390,2904839;275,4921552;0,113662997;2,224994776;1,350792048;71,52561613;
10/07/2023;15:39:19;1;BC2;control;2;bm;ap;0,001530635;7,538731719;390,2285484;275,8399881;0,114646622;2,224706608;1,351141874;68,94874516;
10/07/2023;15:40:31;1;BC2;control;2;bm;ap;0,001565457;7,574217639;390,1870323;277,5636552;0,117190778;2,221240051;1,352483481;71,16864839;
10/07/2023;15:50:09;1;BC2;control;3;bn;ap;0,000571582;5,404765526;393,2542333;174,3682216;0,040960645;2,208471328;1,392737796;108,7157667;
10/07/2023;15:52:29;1;BC2;control;3;bn;ap;0,000571109;5,536151618;393,0794667;170,9571565;0,041310538;2,216963138;1,37983621;123,4477;
10/07/2023;15:55:23;1;BC2;control;3;bn;ap;0,000592189;5,66681169;392,9207;173,8241556;0,042901835;2,22041107;1,378124728;133,0760333;
12/07/2023;13:52:39;1;BQ1;cooled;1;bo;aq;0,001224665;6,949448747;391,0879588;211,8322538;0,066019053;2,047251116;1,846381549;0;outlier
12/07/2023;13:54:18;1;BQ1;cooled;1;bo;aq;0,001246547;7,001948099;391,0033588;211,4655003;0,066449753;2,044841763;1,867157186;0;outlier
12/07/2023;13:55:34;1;BQ1;cooled;1;bo;aq;0,001265716;7,087847812;390,8979275;210,4552133;0,066936099;2,046329968;1,881993523;0;outlier
12/07/2023;14:07:01;1;BC1;control;1;bp;ar;0,002547903;12,54831728;383,7576858;243,8189102;0,156454023;2,210180824;1,64709587;0;outlier
12/07/2023;14:08:27;1;BC1;control;1;bp;ar;0,00255679;12,54665438;383,7746191;242,7522326;0,155221582;2,211499897;1,665428237;0;outlier
12/07/2023;14:09:57;1;BC1;control;1;bp;ar;0,002571802;12,55434878;383,758519;242,0414706;0,154578521;2,212540089;1,681784929;0;outlier
12/07/2023;14:20:47;1;BQ2;cooled;1;bq;as;0,000560203;3,80290443;395,142629;168,2826176;0,028060417;1,93744487;1,973756017;0;outlier
12/07/2023;14:22:19;1;BQ2;cooled;1;bq;as;0,000586588;3,923174687;395,0124149;168,8293733;0,029057612;1,93092614;1,996067797;0;outlier
12/07/2023;14:23:44;1;BQ2;cooled;1;bq;as;0,000608877;4,081899497;394,8026288;165,9175363;0,029870508;1,923662175;2,015813784;0;outlier
12/07/2023;14:40:43;1;BC2;control;1;br;at;0,002329893;9,975611053;386,9547887;258,4090041;0,136454507;2,120108022;1,721189056;0;outlier
12/07/2023;14:42:40;1;BC2;control;1;br;at;0,002315103;9,944486365;386,9997221;256,8466016;0,134252759;2,126048068;1,737425606;0;outlier
12/07/2023;14:44:08;1;BC2;control;1;br;at;0,002309994;9,952042001;386,9832468;256,0876072;0,133533891;2,132867269;1,742495686;0;outlier
12/07/2023;15:10:18;1;BQ3;cooled;1;bs;au;5,94E-05;0,048070384;399,9165806;361,4089809;0,002938639;2,029492372;1,988116559;0;outlier
12/07/2023;15:12:06;1;BQ3;cooled;1;bs;au;6,30E-05;-0,004852258;399,9758667;389,8100515;0,003151975;2,027442971;1,964712957;0;outlier
12/07/2023;15:13:44;1;BQ3;cooled;1;bs;au;6,12E-05;0,067353814;399,9107666;352,4186854;0,003045935;2,031551428;1,974836997;0;outlier
13/07/2023;10:57:37;1;BQ3;cooled;1;bt;av;0,000147748;0,74694588;398,9989032;259,1386187;0,009114682;2,265359412;1,584690866;163,9105806;
13/07/2023;10:58:44;1;BQ3;cooled;1;bt;av;0,000141237;0,845532147;398,8894;233,8487574;0,008642332;2,263891969;1,597357608;162,1546;
13/07/2023;10:59:18;1;BQ3;cooled;1;bt;av;0,000141361;0,870076183;398,8483333;229,2313727;0,00863826;2,26516047;1,599409936;162,1352;
13/07/2023;11:19:25;1;BC2;control;1;bu;aw;0,003063341;11,16209269;385,1735484;290,2791011;0,212703335;2,412409373;1,460777275;152,5333226;
13/07/2023;11:21:00;1;BC2;control;1;bu;aw;0,002980244;11,2000195;385,1949333;288,3073832;0,208305279;2,43026448;1,449790983;331,9497333;
13/07/2023;11:21:47;1;BC2;control;1;bu;aw;0,003103534;11,19183113;385,1233226;291,7391683;0,217097765;2,43439993;1,45083335;630,5878065;
13/07/2023;11:34:50;1;BQ2;cooled;1;bv;ax;0,000221139;2,381979295;397,0297667;118,6593047;0,014050594;2,426572021;1,538311372;300,8128667;
13/07/2023;11:36:30;1;BQ2;cooled;1;bv;ax;0,000253515;2,642041836;396,7003333;125,2911396;0,016006651;2,429726306;1,54840951;294,7772;
13/07/2023;11:37:50;1;BQ2;cooled;1;bv;ax;0,000252726;2,778208759;396,5387419;110,3875952;0,015933342;2,432682496;1,550624322;274,6533871;
13/07/2023;11:55:07;1;BC1;control;1;bw;az;0,001543337;8,569417698;388,999;242,6299749;0,100611992;2,42723989;1,523545811;333,4632667;
13/07/2023;11:56:02;1;BC1;control;1;bw;az;0,001480692;8,65644541;388,9322258;237,0327606;0,097576237;2,435165883;1,506324268;316,5493548;
13/07/2023;11:56:46;1;BC1;control;1;bw;az;0,001564614;8,619749484;388,9099355;246,4799227;0,104138198;2,427486611;1,493460904;305,4741613;
13/07/2023;12:04:34;1;BQ1;cooled;1;bx;b;0,000295675;2,91741075;396,3458;136,8520114;0,018529711;2,443120726;1,560129004;94,34307;
13/07/2023;12:05:07;1;BQ1;cooled;1;bx;b;0,000346624;3,126546295;396,0924333;157,9802564;0,021730257;2,44795497;1,560484309;94,37063667;
13/07/2023;12:05:46;1;BQ1;cooled;1;bx;b;0,000320012;3,312058756;395,8810968;123,755031;0,020027171;2,456381274;1,562577173;94,20843226;
13/07/2023;12:21:33;2;BQ4;cooled;1;by;ba;0,00095419;7,126493341;390,9883;210,2506348;0,066331521;2,356689374;1,421453323;280,0344667;
13/07/2023;12:22:18;2;BQ4;cooled;1;by;ba;0,001011839;7,253274877;390,836;217,1047575;0,070425362;2,355918436;1,420703928;275,2408667;
13/07/2023;12:22:57;2;BQ4;cooled;1;by;ba;0,001022488;7,321187582;390,723;216,8969611;0,071054707;2,35348735;1,423088965;271,143129;
13/07/2023;12:31:42;2;BQ4;cooled;2;bz;ba;0,001121504;6,971776642;391,0961;234,690878;0,075827835;2,3363004;1,464140641;330,8998;
13/07/2023;12:34:55;2;BQ4;cooled;2;bz;ba;0,001082464;7,010991255;391,0733;229,7426966;0,073732551;2,335501517;1,452859592;359,0660667;
13/07/2023;12:36:28;2;BQ4;cooled;2;bz;ba;0,001129858;7,062051437;391,0072667;233,2810245;0,076141614;2,327300241;1,469122969;352,72;
13/07/2023;12:45:19;2;BQ5;cooled;1;ca;bb;0,000927316;7,781409334;390,2295484;177,1591088;0,061004017;2,327320665;1,500603997;355,6733548;
13/07/2023;12:47:42;2;BQ5;cooled;1;ca;bb;0,000889071;7,677464068;390,3548065;174,2346102;0,059258827;2,344976366;1,480449564;303,8246774;
13/07/2023;12:49:21;2;BQ5;cooled;1;ca;bb;0,000888162;7,744953433;390,3082258;172,5146909;0,059297119;2,345717209;1,477977121;337,4864516;
13/07/2023;13:01:26;2;BQ5;cooled;2;cb;bb;0,001067287;8,054794685;389,8420333;195,4339259;0,069637629;2,35004435;1,514820513;383,3521667;
13/07/2023;13:02:15;2;BQ5;cooled;2;cb;bb;0,001049267;8,165930218;389,7156452;190,0519459;0,068627901;2,361804541;1,510694195;363,2496452;
13/07/2023;13:02:55;2;BQ5;cooled;2;cb;bb;0,001039105;8,240014046;389,6268387;186,6969;0,068069615;2,373053551;1,508057215;365,3792903;
13/07/2023;13:09:10;2;BQ6;cooled;1;cc;bc;0,0010313;8,193262194;389,6769333;192,3401379;0,069638905;2,355797628;1,463987216;443,6210333;
13/07/2023;13:11:55;2;BQ6;cooled;1;cc;bc;0,001114298;8,554312086;389,1877742;195,3715774;0,074185484;2,352944884;1,486004531;453,0577097;
13/07/2023;13:12:59;2;BQ6;cooled;1;cc;bc;0,0011463;8,810603855;388,9101333;197,8693654;0,077567608;2,370176075;1,462879111;426,8538333;
13/07/2023;13:17:40;2;BQ6;cooled;2;cd;bc;0,001232927;8,808985132;388,8433;209,2641953;0,082864748;2,35851047;1,474457681;351,7828;
13/07/2023;13:18:03;2;BQ6;cooled;2;cd;bc;0,001312048;8,863273017;388,7214516;218,5964242;0,08834876;2,366664028;1,473080572;359,2497742;
13/07/2023;13:18:30;2;BQ6;cooled;2;cd;bc;0,00128531;8,882473963;388,7373548;217,4828071;0,087856801;2,364866931;1,451183493;369,4080968;
19/07/2023;13:50:19;2;BQ4;cooled;1;ce;bd;0,000326104;3,664781739;395,2109677;130,7889573;0,022778191;2,293593758;1,396993115;183,2;
19/07/2023;13:51:54;2;BQ4;cooled;1;ce;bd;0,000366718;3,73953488;395,1691667;152,4901484;0,025421484;2,293889981;1,408212124;991,9221;
19/07/2023;13:52:59;2;BQ4;cooled;1;ce;bd;0,000397709;3,760677468;395,1408333;164,9153471;0,027027516;2,29737046;1,43662609;865,3217333;
19/07/2023;13:56:43;2;BQ4;cooled;2;cf;bd;0,000666243;5,780544756;392,7042;170,8716305;0,043349965;2,340785615;1,503719614;292,2106667;
19/07/2023;13:57:20;2;BQ4;cooled;2;cf;bd;0,000640956;5,751986478;392,7504;164,7892519;0,041908781;2,35000752;1,495876224;241,8167333;
19/07/2023;13:57:50;2;BQ4;cooled;2;cf;bd;0,000654022;5,797684428;392,7328667;169,1075298;0,043095132;2,362343869;1,484618072;236,144;
19/07/2023;14:13:04;2;BQ4;cooled;3;cg;bd;0,000527086;4,288775096;394,5760667;196,1477366;0,036046941;2,357761052;1,428817788;125,1611;
19/07/2023;14:13:49;2;BQ4;cooled;3;cg;bd;0,000487348;4,37004183;394,5160667;177,0519508;0,033357093;2,346875401;1,427026388;122,7076;
19/07/2023;14:15:08;2;BQ4;cooled;3;cg;bd;0,000547299;4,47737095;394,3844516;195,8243779;0,037608287;2,344172923;1,422498539;119,4354194;
19/07/2023;14:20:13;2;BQ5;cooled;1;ch;be;0,000667209;6,015318093;392,4971935;177,995112;0,046639037;2,31738501;1,401300159;111,4394516;
19/07/2023;14:22:18;2;BQ5;cooled;1;ch;be;0,000649319;6,175347715;392,2494194;167,1527917;0,045519379;2,303840257;1,397267012;166,9473548;
19/07/2023;14:22:51;2;BQ5;cooled;1;ch;be;0,00071652;6,325741243;392,0742;182,9421568;0,050380332;2,30528152;1,394348859;257,1306667;
19/07/2023;14:29:03;2;BQ5;cooled;2;ci;be;0,000193532;2,067794479;397,418;129,3526657;0,012672292;2,343476242;1,485314035;208,6388;
19/07/2023;14:30:42;2;BQ5;cooled;2;ci;be;0,000224022;2,139538012;397,3410333;154,7877907;0,014555709;2,359796681;1,496880163;498,6577;
19/07/2023;14:31:52;2;BQ5;cooled;2;ci;be;0,000177302;2,106909476;397,3548065;98,5076028;0,011537102;2,390570255;1,493311248;325,8359032;low Ci
19/07/2023;14:36:06;2;BQ5;cooled;3;cj;be;0,000321209;3,546574904;395,6325806;123,6644754;0,021429519;2,353790218;1,460178926;76,48512258;
19/07/2023;14:36:45;2;BQ5;cooled;3;cj;be;0,000357734;3,644324124;395,4486774;144,5018946;0,023944125;2,351372982;1,456170745;74,03899355;
19/07/2023;14:37:17;2;BQ5;cooled;3;cj;be;0,00036116;3,690086751;395,435871;144,0510399;0,024201223;2,350115235;1,454586591;72,17754516;
19/07/2023;14:41:04;2;BQ6;cooled;1;ck;bf;0,000360183;3,720501306;395,3288667;143,7242048;0,024372697;2,324246133;1,440834749;77,07694333;
19/07/2023;14:42:13;2;BQ6;cooled;1;ck;bf;0,000385926;3,883257409;395,1535161;151,2001656;0,026271793;2,327383589;1,432780537;80,85319032;
19/07/2023;14:43:10;2;BQ6;cooled;1;ck;bf;0,000423626;3,971674933;395,0258;166,3666579;0,028756638;2,316264143;1,437731897;84,18778333;
19/07/2023;14:47:11;2;BQ6;cooled;2;cl;bf;0,000690727;5,218514779;393,4274839;214,8979257;0,049038982;2,285354063;1,380825887;127,9776129;
19/07/2023;14:49:32;2;BQ6;cooled;2;cl;bf;0,000660134;5,440447107;393,1614839;200,2244292;0,047097953;2,277693566;1,373786703;158,391129;
19/07/2023;14:51:25;2;BQ6;cooled;2;cl;bf;0,000691616;5,575468429;392,9864333;203,540281;0,049220738;2,280345422;1,377737485;185,2266667;
19/07/2023;15:03:03;2;BQ6;cooled;3;cm;bf;0,000377489;4,486493046;394,4209;107,6605115;0,025667871;2,297227214;1,434909107;351,0985667;
19/07/2023;15:04:56;2;BQ6;cooled;3;cm;bf;0,000347807;4,708889268;394,1591667;65,498926;0,02340167;2,298007633;1,449340239;325,4690333;low Ci
19/07/2023;15:05:33;2;BQ6;cooled;3;cm;bf;0,00038118;4,816261359;394,0560333;86,80741866;0,025664407;2,304586854;1,448884725;228,5583667;low Ci
19/07/2023;15:14:04;2;BC4;control;1;cn;bg;0,00085043;5,80147224;392,6215806;221,715473;0,057285522;2,313747464;1,456607452;192,6519677;
19/07/2023;15:15:18;2;BC4;control;1;cn;bg;0,000886099;5,852905814;392,5446774;226,7022355;0,059686475;2,327997406;1,457032341;200,5237742;
19/07/2023;15:16:01;2;BC4;control;1;cn;bg;0,000843302;5,926389389;392,4714516;216,4058308;0,056706053;2,338016903;1,458494426;201,374871;
19/07/2023;15:26:46;2;BC4;control;2;co;bg;0,001750858;9,504977095;387,7904667;251,4177267;0,120387527;2,328007989;1,44347271;210,6600667;
19/07/2023;15:27:20;2;BC4;control;2;co;bg;0,001744059;9,537453434;387,7381935;250,3777251;0,119861072;2,333613922;1,443965216;210,896;
19/07/2023;15:28:18;2;BC4;control;2;co;bg;0,001730074;9,497897;387,7855;250,1739897;0,119103363;2,345747949;1,441134141;212,3436333;
19/07/2023;15:38:09;2;BC4;control;3;cp;bg;0,001186862;6,649351629;391,5186667;248,8588435;0,07985868;2,358092668;1,463543719;172,3282667;
19/07/2023;15:39:40;2;BC4;control;3;cp;bg;0,001151819;6,587376287;391,5700667;247,9709428;0,078487433;2,358463205;1,444915324;71,83448;
19/07/2023;15:40:13;2;BC4;control;3;cp;bg;0,001216447;6,628876423;391,5035333;254,1424449;0,08288756;2,35412012;1,446238963;67,47611;
19/07/2023;15:50:35;2;BC3;control;1;cq;bh;0,000788336;5,111538611;393,4940968;231,2256585;0,053285267;2,332041691;1,449935265;281,3417419;
19/07/2023;15:51:17;2;BC3;control;1;cq;bh;0,000737964;5,083427141;393,5563;222,5698613;0,050099322;2,348339501;1,442578134;280,283;
19/07/2023;15:52:35;2;BC3;control;1;cq;bh;0,000734949;5,025721158;393,5983;223,7027825;0,049866363;2,354708937;1,443269598;266,3750667;
19/07/2023;16:07:37;2;BC3;control;2;cr;bh;0,002015489;9,81035591;387,3001613;272,1854138;0,149109222;2,264219352;1,350539893;119,2771613;
19/07/2023;16:08:38;2;BC3;control;2;cr;bh;0,001978257;9,799219303;387,3130667;270,5379937;0,146577374;2,262422301;1,347955892;129,4837667;
19/07/2023;16:09:48;2;BC3;control;2;cr;bh;0,001964636;9,801673669;387,3097667;269,6757656;0,145445865;2,260800844;1,348883369;132,1318667;
19/07/2023;16:24:37;2;BC3;control;3;cs;bh;0,001114064;7,039701174;391,0646774;244,4057088;0,081731546;2,214724888;1,345703009;99,06573226;
19/07/2023;16:25:51;2;BC3;control;3;cs;bh;0,0010973;7,003351356;391,0962903;242,6309146;0,08025231;2,218395406;1,349372364;96,94988387;
19/07/2023;16:27:01;2;BC3;control;3;cs;bh;0,001072832;6,983616722;391,0866774;241,11937;0,079129254;2,223775201;1,337775387;95,70803871;
21/07/2023;11:09:22;2;BC3;control;1;ct;bi;0,001786343;8,273830259;389,2533667;274,2344598;0,125852774;2,290548213;1,41248134;129,3067333;
21/07/2023;11:10:52;2;BC3;control;1;ct;bi;0,001782598;8,282720228;389,2382581;275,45832;0,127380361;2,298867168;1,393057884;101,8917097;
21/07/2023;11:12:38;2;BC3;control;1;ct;bi;0,001746389;8,279004169;389,2966774;273,348835;0,124697348;2,292778323;1,39360659;250,9586774;
21/07/2023;11:17:09;2;BC3;control;2;cu;bi;0,002267951;7,776343138;389,6059667;306,3433859;0,169103494;2,285681565;1,345897415;101,4675;
21/07/2023;11:17:59;2;BC3;control;2;cu;bi;0,002220378;7,819075507;389,5378387;304,7392127;0,166443126;2,291735122;1,338004531;97,33014516;
21/07/2023;11:18:31;2;BC3;control;2;cu;bi;0,002302765;7,855087666;389,5470323;307,5559423;0,173701992;2,297676964;1,331371478;101,9067032;
21/07/2023;11:25:00;2;BC3;control;3;cv;bi;0,002038839;8,787749768;388,4928667;286,883175;0,152910543;2,254727708;1,334680035;103,3817333;
21/07/2023;11:25:33;2;BC3;control;3;cv;bi;0,002049339;8,863026504;388,4115667;286,1583402;0,153207739;2,255827545;1,33898356;224,0784333;
21/07/2023;11:26:18;2;BC3;control;3;cv;bi;0,002038298;8,77121247;388,4383226;286,6587529;0,152370814;2,260745279;1,338789054;290,8969032;
21/07/2023;11:36:41;2;BC4;control;1;cw;bj;0,001900466;8,366489243;389,0419667;278,2981431;0,132837404;2,301412311;1,425500942;94,38966;
21/07/2023;11:37:52;2;BC4;control;1;cw;bj;0,001864312;8,464417915;388,991;275,9998165;0,131374637;2,307850443;1,413544018;233,1513548;
21/07/2023;11:38:35;2;BC4;control;1;cw;bj;0,001893924;8,458261539;388,9677419;277,7856871;0,133637553;2,306923156;1,412306118;194,2526452;
21/07/2023;11:41:35;2;BC4;control;2;cx;bj;0,001640148;8,239645648;389,3487097;267,210041;0,117171305;2,296474764;1,391056989;130,2645161;
21/07/2023;11:42:01;2;BC4;control;2;cx;bj;0,001676359;8,35921755;389,2108;268,4531741;0,12036165;2,303042452;1,384926222;134,9775333;
21/07/2023;11:42:25;2;BC4;control;2;cx;bj;0,001718529;8,40247052;389,1118333;270,6452812;0,123563227;2,307063367;1,383748804;140,1628667;
21/07/2023;11:46:11;2;BC4;control;3;cy;bj;0,002279129;9,438985772;387,6009333;287,7366572;0,168007056;2,273407152;1,361427598;235,4315667;
21/07/2023;11:47:13;2;BC4;control;3;cy;bj;0,00224498;9,536741157;387,4776774;284,7997124;0,164639794;2,285720565;1,367454811;216,944129;
21/07/2023;11:48:09;2;BC4;control;3;cy;bj;0,002294997;9,630195115;387,3831613;285,0421837;0,167019925;2,284983476;1,378554823;208,5496774;
21/07/2023;15:10:34;2;BQ6;cooled;1;cz;bk;0,000399379;4,433622757;394,5114;118,4915353;0,026406689;2,321653417;1,476990802;226,7447;
21/07/2023;15:15:02;2;BQ6;cooled;1;cz;bk;0,000471657;4,421244396;394,1821333;163,2825666;0,031709867;2,33327489;1,453992182;224,219;
21/07/2023;15:16:42;2;BQ6;cooled;1;cz;bk;0,000445235;4,440534047;394,0693871;148,027925;0,029804842;2,332831595;1,459723633;215,3313226;
21/07/2023;15:21:12;2;BQ6;cooled;2;da;bk;0,000482828;4,136136802;394,443;181,2558341;0,032253121;2,328650751;1,463534288;181,8618333;
21/07/2023;15:24:32;2;BQ6;cooled;2;da;bk;0,000439386;3,608883609;395,1136;190,2457321;0,029328226;2,33856514;1,463671249;180,408;
21/07/2023;15:25:19;2;BQ6;cooled;2;da;bk;0,000371503;3,616627784;395,096871;155,2253874;0,024905814;2,346149922;1,45599063;179,7472258;
21/07/2023;15:31:34;2;BQ6;cooled;3;db;bk;0,00054219;4,924772206;393,6868333;169,1906914;0,036400306;2,331046404;1,457318387;297,2696;
21/07/2023;15:32:13;2;BQ6;cooled;3;db;bk;0,000523618;4,983806078;393,6397419;158,3432327;0,035070581;2,336529901;1,460239155;304,2837742;
21/07/2023;15:33:38;2;BQ6;cooled;3;db;bk;0,000536186;4,897116849;393,7049032;168,854138;0,036130648;2,347198535;1,45165861;301,7156129;
21/07/2023;15:47:10;2;BQ5;cooled;1;dc;bl;0,000206438;2,471462702;396,924871;103,2156403;0,013775372;2,354532933;1,459575984;254,4505806;
21/07/2023;15:47:29;2;BQ5;cooled;1;dc;bl;0,000270829;2,487112341;396,8645806;164,0470841;0,01766478;2,365069436;1,49392151;260,8615161;
21/07/2023;15:48:21;2;BQ5;cooled;1;dc;bl;0,000268898;2,50769932;396,8763333;165,1038949;0,017884734;2,356790319;1,465396638;257,2622667;
21/07/2023;15:52:43;2;BQ5;cooled;2;dd;bl;0,000248983;2,419493962;397,0033871;155,7933377;0,01654983;2,362060457;1,465717519;98,95828065;
21/07/2023;15:58:45;2;BQ5;cooled;2;dd;bl;0,000244498;2,43069433;396,9498333;149,3799363;0,016183172;2,375982108;1,471533585;90,56128667;
21/07/2023;16:00:08;2;BQ5;cooled;2;dd;bl;0,00026093;2,421479347;396,9753548;165,523122;0,017295063;2,377128923;1,469786029;90,60161613;
21/07/2023;16:05:01;2;BQ5;cooled;3;de;bl;0,000290617;2,93325527;396,3481;144,2281264;0,019172883;2,380502044;1,477201027;288,8925667;
21/07/2023;16:06:06;2;BQ5;cooled;3;de;bl;0,00031859;3,207470411;395,9896774;145,0968428;0,021076158;2,382605157;1,473686998;261,4078387;
21/07/2023;16:06:19;2;BQ5;cooled;3;de;bl;0,000345224;3,297050295;395,90268;146,1031042;0,021793967;2,385347159;1,543869589;248,75712;
21/07/2023;16:16:11;2;BQ4;cooled;1;df;bm;0,000391875;3,442981224;395,646;175,8968179;0,025992897;2,34911547;1,471401967;200,4953548;
21/07/2023;16:17:04;2;BQ4;cooled;1;df;bm;0,000338666;3,381996368;395,7861667;152,008105;0,022890617;2,363680238;1,443139816;198,7188;
21/07/2023;16:17:45;2;BQ4;cooled;1;df;bm;0,000382408;3,37110798;395,7896452;179,8222938;0,025898559;2,357087971;1,441254914;206,255129;
21/07/2023;16:22:27;2;BQ4;cooled;2;dg;bm;0,000488248;3,827801186;395,1435667;199,9186708;0,032734844;2,337243686;1,458095994;149,4853;
21/07/2023;16:23:07;2;BQ4;cooled;2;dg;bm;0,000468626;3,770868679;395,2676;194,4032845;0,031295769;2,337406498;1,463360176;148,4975333;
21/07/2023;16:23:48;2;BQ4;cooled;2;dg;bm;0,000418554;3,719325228;395,3180645;175,7064371;0,02809554;2,350349308;1,454992;150,1678387;
21/07/2023;16:32:01;2;BQ4;cooled;3;dh;bm;0,000321722;3,381573676;395,7626;136,0908295;0,021437375;2,336680526;1,464004184;259,3204667;
21/07/2023;16:34:15;2;BQ4;cooled;3;dh;bm;0,000325645;3,39334414;395,7946129;141,7884636;0,022004486;2,33072751;1,444119464;191,2514516;
21/07/2023;16:36:15;2;BQ4;cooled;3;dh;bm;0,000313724;3,375795264;395,7649333;134,1951216;0,021230796;2,335445499;1,44165641;131,4111667;
25/07/2023;13:25:07;2;BC4;control;1;di;bn;0,002716517;9,466096131;387,3635667;297,3581673;0,190516472;2,442450295;1,427331054;78,83426333;
25/07/2023;13:26:03;2;BC4;control;1;di;bn;0,002739164;9,479746164;387,3589032;297,6971416;0,19169316;2,434375064;1,430888529;86,76033871;
25/07/2023;13:29:03;2;BC4;control;1;di;bn;0,002642389;9,431163968;387,4530645;294,7047324;0,183551671;2,427257526;1,439473333;243,7789355;
25/07/2023;13:36:38;2;BC4;control;2;dl;bn;0,001327027;7,624301122;390,2206;239,9532105;0,086841579;2,419779698;1,5004163;133,7695333;
25/07/2023;13:39:44;2;BC4;control;2;dl;bn;0,00132197;7,612579986;390,2483548;238,8538372;0,086033562;2,425783329;1,50831297;132,3792258;
25/07/2023;13:40:25;2;BC4;control;2;dl;bn;0,001310371;7,597790813;390,2660645;238,2390248;0,085466795;2,433003193;1,504733979;132,7245484;
25/07/2023;13:47:24;2;BC3;control;1;dm;bo;0,002144021;8,492745307;388,8684516;284,9633736;0,145247065;2,427672881;1,465361523;496,5949677;
25/07/2023;13:48:00;2;BC3;control;1;dm;bo;0,002088062;8,485407272;388,8340333;281,8440808;0,140500924;2,438063475;1,473819618;525,9708;
25/07/2023;13:48:43;2;BC3;control;1;dm;bo;0,002074917;8,492869178;388,8275806;280,8024775;0,139155225;2,447127831;1,478181197;690,8624516;
25/07/2023;13:54:06;2;BC3;control;2;dn;bo;0,002547458;8,547126747;388,5529355;298,6974392;0,172477146;2,463807605;1,472918492;273,0020323;
25/07/2023;13:55:02;2;BC3;control;2;dn;bo;0,002511026;8,517209123;388,5960333;297,5724545;0,169389525;2,461753352;1,477463576;316,1400667;
25/07/2023;13:55:40;2;BC3;control;2;dn;bo;0,002521288;8,485959738;388,6364194;298,123009;0,169867421;2,465068129;1,479459867;329,3357419;
25/07/2023;14:07:18;2;BQ6;cooled;1;do;bp;0,000284308;2,829963336;396,4790323;124,5136303;0,01713225;2,478219732;1,606173072;365,2118065;
25/07/2023;14:08:00;2;BQ6;cooled;1;do;bp;0,000165242;2,914361827;396,4152581;-74,95444614;0,009998794;2,500555235;1,597127189;371,1400645;outlier
25/07/2023;14:09:12;2;BQ6;cooled;1;do;bp;0,000288236;2,86542248;396,4143871;124,8227887;0,017372239;2,507675073;1,605530575;363,6617742;
25/07/2023;14:15:45;2;BQ6;cooled;2;dp;bp;0,000196646;1,533696217;398,0566667;189,2542372;0,012219039;2,48576309;1,556583818;287,9238;
25/07/2023;14:17:33;2;BQ6;cooled;2;dp;bp;0,000199257;1,780898622;397,8018387;158,7335195;0,012314615;2,485889671;1,564973823;294,1175806;
25/07/2023;14:18:38;2;BQ6;cooled;2;dp;bp;0,000220558;1,820657493;397,7164;175,821749;0,013614232;2,495932215;1,567116543;288,2344667;
25/07/2023;14:22:57;2;BQ5;cooled;1;dq;bq;1,80E-05;0,067744991;399,936871;291,2306919;0,001088667;2,495082804;1,592018055;323,1140645;outlier
25/07/2023;14:26:30;2;BQ5;cooled;1;dq;bq;6,42E-05;0,03673236;399,9640323;375,2197221;0,003987882;2,492126959;1,555761777;324,8353548;outlier
25/07/2023;14:27:32;2;BQ5;cooled;1;dq;bq;5,13E-05;0,018332875;399,9657;380,673248;0,003183948;2,496307891;1,55683021;303,7510333;outlier
25/07/2023;14:34:37;2;BQ5;cooled;2;dr;bq;7,04E-05;-0,148402084;400,1761613;444,8627451;0,004251624;2,502791589;1,598165481;320,2603548;outlier
25/07/2023;14:35:20;2;BQ5;cooled;2;dr;bq;-7,69E-05;-0,050012384;400,0704;372,5860447;-0,004638128;2,513420982;1,598241852;332,2416667;outlier
25/07/2023;14:35:56;2;BQ5;cooled;2;dr;bq;-1,08E-05;0,150972782;399,8176667;753,0949632;-0,000655366;2,524484014;1,596165722;376,2626333;outlier
25/07/2023;14:39:05;2;BQ4;cooled;1;ds;br;0,00024951;1,910353975;397,6446;189,4256373;0,015280235;2,524189127;1,579306715;373,3537;
25/07/2023;14:40:00;2;BQ4;cooled;1;ds;br;0,000206573;1,993213346;397,5113548;137,892819;0,012650752;2,526402578;1,578491665;379,4;
25/07/2023;14:40:43;2;BQ4;cooled;1;ds;br;0,000187192;1,964527743;397,5674194;116,071532;0,011460787;2,533533329;1,578418475;363,3;
25/07/2023;14:42:17;2;BQ4;cooled;2;dt;br;0,000350319;2,362442187;397,1409333;217,6475868;0,022097795;2,568621277;1,534897459;294,7632667;
25/07/2023;14:42:36;2;BQ4;cooled;2;dt;br;0,000383294;2,255440726;397,0822903;231,9797897;0,023112175;2,546325998;1,605750112;274,2486452;
25/07/2023;14:43:39;2;BQ4;cooled;2;dt;br;0,000208525;2,163059768;397,3217742;118,6270852;0,012753462;2,540351879;1,58027879;303,3429677;
28/07/2023;11:38:49;3;BQ7;cooled;1;du;bs;0,002982791;13,98319523;381,7623667;277,612953;0,238808235;2,181558586;1,271523841;253,9599;
28/07/2023;11:41:44;3;BQ7;cooled;1;du;bs;0,002920799;13,83381578;381,8711667;276,4327275;0,232977336;2,184284312;1,274834583;273,2639;
28/07/2023;11:42:11;3;BQ7;cooled;1;du;bs;0,003009693;13,72252515;381,9069355;280,184731;0,240522372;2,19178995;1,274042309;276,240871;
28/07/2023;11:48:25;3;BQ7;cooled;2;dv;bs;0,00293531;11,35884017;384,9741333;297,3018588;0,234109373;2,171200133;1,275267857;153,3273333;
28/07/2023;11:49:34;3;BQ7;cooled;2;dv;bs;0,002780155;11,35158838;385,0493548;292,3790417;0,219797307;2,173238578;1,283096968;154,8270645;
28/07/2023;11:50:58;3;BQ7;cooled;2;dv;bs;0,002588787;11,35585343;385,2403871;285,9193924;0,203410274;2,18157096;1,286950928;158,8177097;
28/07/2023;11:57:04;3;BQ7;cooled;3;dw;bs;0,003086615;12,15904235;384,0963548;293,9458092;0,243604094;2,17314229;1,290657797;162,7009032;
28/07/2023;11:57:49;3;BQ7;cooled;3;dw;bs;0,003021496;12,07644986;384,0165484;291,9721657;0,236382072;2,172680645;1,300298505;163,5520645;
28/07/2023;11:58:29;3;BQ7;cooled;3;dw;bs;0,003012827;12,18914149;384,0329677;291,5386039;0,237217848;2,182408381;1,29208098;162,7159677;
28/07/2023;13:25:43;3;BQ8;cooled;1;dx;bt;0,002460202;9,946037488;386,956;289,6309804;0,18242811;2,289903993;1,355679814;410,0136774;
28/07/2023;13:26:45;3;BQ8;cooled;1;dx;bt;0,002365225;9,958025771;387,0019032;286,2988519;0,175727841;2,301264865;1,351246466;598,1454194;
28/07/2023;13:27:58;3;BQ8;cooled;1;dx;bt;0,00236721;9,851082581;387,0632258;286,1067731;0,173491567;2,303275109;1,369117461;823,6802581;
28/07/2023;13:30:50;3;BQ8;cooled;2;dy;bt;0,002746367;10,00788786;386,6385333;296,0010579;0,199451342;2,343728236;1,387483723;435,5178;
28/07/2023;13:31:26;3;BQ8;cooled;2;dy;bt;0,002748894;10,13693593;386,4773667;293,6819084;0,196990638;2,329507389;1,405554486;406,1076;
28/07/2023;13:32:05;3;BQ8;cooled;2;dy;bt;0,002622675;10,26766123;386,4593548;288,3458611;0,187393875;2,333254939;1,407185954;350,7480645;
28/07/2023;13:40:25;3;BQ8;cooled;3;dz;bt;0,001814162;7,575023703;390,0709355;287,1661682;0,130013341;2,320477366;1,388502039;350,1104516;
28/07/2023;13:41:57;3;BQ8;cooled;3;dz;bt;0,001752315;7,577392727;390,0723548;283,3961656;0,124981726;2,332324929;1,393589312;250,7937419;
28/07/2023;13:43:24;3;BQ8;cooled;3;dz;bt;0,001736797;7,560041424;390,1199667;282,3489633;0,123325979;2,332077958;1,399290228;277,0540667;
28/07/2023;13:53:27;3;BQ9;cooled;1;ea;bu;0,001241786;7,395714696;390,5900333;243,7275845;0,086047158;2,338054437;1,423286375;127,1339333;
28/07/2023;13:53:59;3;BQ9;cooled;1;ea;bu;0,00116353;7,456957359;390,5327419;234,4925857;0,081247101;2,350958101;1,411015191;147,2567097;
28/07/2023;13:54:30;3;BQ9;cooled;1;ea;bu;0,001270299;7,452219611;390,4982581;246,9576662;0,088841557;2,351678889;1,410797281;143,9266452;
28/07/2023;14:19:38;3;BQ9;cooled;2;eb;bu;0,001194943;6,601526116;391,4746667;251,5721279;0,080941943;2,369638259;1,453833383;326,9683;
28/07/2023;14:20:29;3;BQ9;cooled;2;eb;bu;0,001184037;6,649463179;391,4927;250,2367973;0,080662571;2,378244905;1,445385586;181,9577667;
28/07/2023;14:22:17;3;BQ9;cooled;2;eb;bu;0,001195845;6,681682857;391,4733333;250,453195;0,081221096;2,371748266;1,449956383;164,1518667;
28/07/2023;14:30:54;3;BQ9;cooled;3;ec;bu;0,001321579;7,930723375;389,8464839;239,5068644;0,090127829;2,367190564;1,446577172;155,8627097;
28/07/2023;14:31:39;3;BQ9;cooled;3;ec;bu;0,001334436;7,968057558;389,8248;239,9950447;0,090898136;2,371598584;1,448455486;177,5807333;
28/07/2023;14:32:51;3;BQ9;cooled;3;ec;bu;0,00131403;7,998692076;389,8012903;236,7816981;0,08921255;2,381739059;1,452641732;185,7072903;
01/08/2023;14:09:51;3;BC6;control;1;ed;bv;0,001610936;8,360762409;366,3230323;242,309717;0,116345601;2,183901208;1,377620347;42,45995161;
01/08/2023;14:11:57;3;BC6;control;1;ed;bv;0,001674789;8,27548045;365,2789677;248,1538343;0,122446822;2,195709248;1,362351411;47,48972903;
01/08/2023;14:13:07;3;BC6;control;1;ed;bv;0,001697282;8,197471342;364,3357333;250,019051;0,124489957;2,201926931;1,3584381;51,50254333;
01/08/2023;14:22:23;3;BC6;control;2;ee;bv;0,003340456;11,25185138;355,052;277,4610126;0,264666392;2,182576276;1,290631417;86,26059355;
01/08/2023;14:24:06;3;BC6;control;2;ee;bv;0,003302354;11,26722756;354,4019;275,8468572;0,261272856;2,184862417;1,291659434;85,81348667;
01/08/2023;14:25:08;3;BC6;control;2;ee;bv;0,003329114;11,26636558;354,1772258;275,6668925;0,261579444;2,184320785;1,300597123;59,00490645;
01/08/2023;14:37:29;3;BC6;control;3;ef;bv;0,002742648;10,37413943;353,7744537;264,4934552;0,207870812;2,176359322;1,335307975;84,34079163;
01/08/2023;14:37:44;3;BC6;control;3;ef;bv;0,002743526;10,38077089;353,7516339;264,3527222;0,207715136;2,176476131;1,336688801;83,76539249;
01/08/2023;14:38:21;3;BC6;control;3;ef;bv;0,002744781;10,39872078;353,6896912;264,0710837;0,20752957;2,176663247;1,338438954;82,22907478;
01/08/2023;14:44:44;3;BC5;control;1;eg;bw;0,002397497;1,716085427;363,6366296;340,1548932;0,17948228;2,166564589;1,345019416;75,40521144;
01/08/2023;14:47:13;3;BC5;control;1;eg;bw;0,002335936;2,376141581;362,6594734;332,524806;0,174039243;2,16747806;1,350079728;80,14909784;
01/08/2023;14:47:42;3;BC5;control;1;eg;bw;0,00232764;2,477318613;362,5041977;331,3143375;0,173229761;2,167779063;1,351358269;81,29030031;
01/08/2023;14:52:49;3;BC5;control;2;eh;bw;0,002126152;-1,239088572;366,5648985;371,3152487;0,157031782;2,161415599;1,357700268;104,3911083;outlier
01/08/2023;14:53:34;3;BC5;control;2;eh;bw;0,002113377;-1,033415394;366,2607872;368,9578203;0,156021235;2,161861808;1,358022501;106,9428495;outlier
01/08/2023;14:54:04;3;BC5;control;2;eh;bw;0,002105984;-0,907023931;366,0723152;367,4928276;0,155404245;2,162145984;1,358483149;108,3959764;outlier
01/08/2023;15:00:06;3;BC5;control;3;ei;bw;0,002007091;-7,626333982;373,6248727;448,4649122;0,148910251;2,15171225;1,349710992;110,435468;outlier
01/08/2023;15:01:13;3;BC5;control;3;ei;bw;0,002028985;-7,152265592;372,9617903;441,7149958;0,150805067;2,152457088;1,347756248;110,1968841;outlier
01/08/2023;15:02:30;3;BC5;control;3;ei;bw;0,00205314;-6,620694074;372,2106775;434,3445669;0,152858108;2,153192323;1,345987018;109,2653987;outlier
01/08/2023;15:17:36;3;BQ9;cooled;1;ej;bx;0,000359396;3,03502764;359,1083548;165,7071271;0,025997986;2,165773216;1,352457163;49,57625806;
01/08/2023;15:18:16;3;BQ9;cooled;1;ej;bx;0,00036972;3,0334346;358,8806;170,8446939;0,026760353;2,164667085;1,351864016;45,56196;
01/08/2023;15:18:59;3;BQ9;cooled;1;ej;bx;0,000362994;3,01912788;358,7059;167,7158004;0,026203708;2,162976354;1,355364317;41,77046667;
01/08/2023;15:26:02;3;BQ9;cooled;2;ek;bx;0,000410577;3,484181682;356,920871;164,1206602;0,029946717;2,161700904;1,342444284;46,73184839;
01/08/2023;15:27:37;3;BQ9;cooled;2;ek;bx;0,000396929;3,481752082;356,8108667;157,3068381;0,028876153;2,164470023;1,345551422;37,70525333;
01/08/2023;15:28:31;3;BQ9;cooled;2;ek;bx;0,000403207;3,501326169;356,7315;158,802136;0,029282207;2,164962458;1,347944356;29,41948;
01/08/2023;15:42:17;3;BQ9;cooled;3;el;bx;0,000837441;4,768186424;354,1038387;224,6597241;0,062560514;2,163583397;1,319023747;9,468866452;
01/08/2023;15:44:56;3;BQ9;cooled;3;el;bx;0,000882151;5,615696146;352,7963548;208,6922525;0,065795612;2,167509609;1,321956245;9,964850645;
01/08/2023;15:45:59;3;BQ9;cooled;3;el;bx;0,000921291;5,844078225;352,5347333;207,4282155;0,068024696;2,158568844;1,335919548;12,93338667;
01/08/2023;15:52:40;3;BQ8;cooled;1;em;by;0,00162301;6,604177175;350,7204194;259,7720713;0,127477128;2,167321715;1,270129792;18,91631935;
01/08/2023;15:53:38;3;BQ8;cooled;1;em;by;0,001684763;6,862924773;350,3218;258,8116176;0,13171664;2,1628962;1,277108529;17,15936333;
01/08/2023;15:55:13;3;BQ8;cooled;1;em;by;0,001691475;7,082119372;349,7749032;256,5309176;0,133131234;2,164139011;1,269074896;14,69474839;
01/08/2023;16:00:38;3;BQ8;cooled;2;en;by;0,001270119;4,294112602;353,036871;275,5367108;0,098438218;2,160786709;1,280576045;15,80737419;
01/08/2023;16:03:04;3;BQ8;cooled;2;en;by;0,001268422;5,468928424;352,1664516;254,6122761;0,097524867;2,160515361;1,290507859;17,82475806;
01/08/2023;16:04:14;3;BQ8;cooled;2;en;by;0,001336707;5,766403387;351,7677742;253,9497663;0,102619933;2,162098626;1,293654859;20,00898065;
01/08/2023;16:09:00;3;BQ8;cooled;3;eo;by;0,000590118;2,541152102;355,2218387;257,1480959;0,044726613;2,161002118;1,296316879;11,23752258;
01/08/2023;16:10:36;3;BQ8;cooled;3;eo;by;0,000602349;2,76458008;354,9271935;250,1548628;0,045332216;2,165231413;1,305535644;22,61592903;
01/08/2023;16:11:08;3;BQ8;cooled;3;eo;by;0,000610674;2,855727142;354,8302903;247,6421631;0,045709556;2,165569411;1,312674179;30,50664516;
01/08/2023;16:22:15;3;BQ7;cooled;1;ep;bz;0,000463921;4,234942931;352,3135;148,9108851;0,034418505;2,167096147;1,321375226;48,34470667;
01/08/2023;16:23:25;3;BQ7;cooled;1;ep;bz;0,000484904;4,253212132;352,1500333;155,5720633;0,035826746;2,16550702;1,327198294;36,57189333;
01/08/2023;16:23:59;3;BQ7;cooled;1;ep;bz;0,000486847;4,305458866;352,0382667;153,4769722;0,035892468;2,16640089;1,330108919;40,08768667;
01/08/2023;16:32:41;3;BQ7;cooled;2;eq;bz;0,001216441;7,379448178;347,8512581;213,3519275;0,093233024;2,162576089;1,29372657;41,65285806;
01/08/2023;16:36:10;3;BQ7;cooled;2;eq;bz;0,001193498;7,775631961;347,0456667;202,0523441;0,090733463;2,164027241;1,303688512;60,63550333;
01/08/2023;16:37:36;3;BQ7;cooled;2;eq;bz;0,001191728;7,864616059;346,9299677;199,6487594;0,090276447;2,163209026;1,308099385;76,81764194;
01/08/2023;17:02:32;3;BQ7;cooled;3;er;bz;0,00072482;3,075402299;349,8696333;248,2144259;0,052255804;2,164360909;1,364272195;34,39249;
01/08/2023;17:03:31;3;BQ7;cooled;3;er;bz;0,000743335;3,092904858;349,9262;249,6748187;0,053376616;2,158822555;1,370094999;33,75147667;
01/08/2023;17:04:03;3;BQ7;cooled;3;er;bz;0,000752163;3,123728351;349,8630645;249,6214734;0,053924963;2,159810425;1,372413778;33,91807097;
04/08/2023;12:25:36;3;BQ7;cooled;1;es;c;0,001804631;9,364609798;396,8658065;268,8241786;0,127090346;2,21818577;1,411672643;633,2805806;
04/08/2023;12:27:50;3;BQ7;cooled;1;es;c;0,001480591;9,208113222;397,2155667;243,0930409;0,102180313;2,2432293;1,433393816;265,3298333;
04/08/2023;12:29:53;3;BQ7;cooled;1;es;c;0,001305971;9,010044916;397,9032333;228,571684;0,090304034;2,258006597;1,427374948;234,1521333;
04/08/2023;12:32:02;3;BQ7;cooled;2;et;c;0,000749291;5,513453778;402,1039;221,7366863;0,051407303;2,266212088;1,427923037;264,6253667;
04/08/2023;12:32:46;3;BQ7;cooled;2;et;c;0,000791592;5,69660989;402,4361935;224,9676709;0,054068014;2,266595297;1,434891825;690,0043871;
04/08/2023;12:33:05;3;BQ7;cooled;2;et;c;0,000822585;5,673064669;402,4690667;225,9424574;0,054235285;2,276647179;1,486012426;629,1926;
04/08/2023;12:35:21;3;BQ7;cooled;3;eu;c;0,002401503;11,18105931;396,6169032;285,6087762;0,177952701;2,314627851;1,353233763;1577,525484;
04/08/2023;12:35:52;3;BQ7;cooled;3;eu;c;0,002280803;11,0141285;397,1176129;278,7144647;0,163470174;2,294042957;1,395357254;1474,030323;
04/08/2023;12:36:26;3;BQ7;cooled;3;eu;c;0,002153413;10,84558712;397,5274839;273,9610252;0,153525052;2,309919098;1,399912413;722,9830968;
04/08/2023;14:57:12;3;BQ8;cooled;1;ev;ca;0,00070266;4,514607315;403,0802667;237,2453506;0,046069992;2,40400965;1,491315625;132,2983667;
04/08/2023;14:57:47;3;BQ8;cooled;1;ev;ca;0,000594082;4,208587905;403,9443846;221,6980266;0,038823231;2,401830085;1,494171961;114,9641154;
04/08/2023;14:58:45;3;BQ8;cooled;1;ev;ca;0,000768549;5,064397822;405,8543333;237,1477984;0,050788655;2,406707096;1,480876191;96,46656;
04/08/2023;15:02:16;3;BQ8;cooled;2;ew;ca;0,000900579;5,667415942;405,2754194;243,0933477;0,059358231;2,390713148;1,487106428;138,3017742;
04/08/2023;15:03:12;3;BQ8;cooled;2;ew;ca;0,001043502;6,344917948;405,0323871;248,7649825;0,069225956;2,395502162;1,480134088;147,8625484;
04/08/2023;15:06:28;3;BQ8;cooled;2;ew;ca;0,001136329;7,150094395;406,0040667;244,2522118;0,075290099;2,388667916;1,483895708;124,5755667;
04/08/2023;15:16:51;3;BQ8;cooled;3;ex;ca;0,000516802;4,479369163;412,5594194;191,8857722;0,033794467;2,379573195;1,492020593;91,15132581;
04/08/2023;15:17:44;3;BQ8;cooled;3;ex;ca;0,000501395;4,625903423;411,9774333;178,6611046;0,032912991;2,386089418;1,486030636;74,70070667;
04/08/2023;15:18:27;3;BQ8;cooled;3;ex;ca;0,000479172;4,751720764;412,7913667;162,9544359;0,031474251;2,38543408;1,484722339;63,83915667;
04/08/2023;15:37:15;3;BQ9;cooled;1;ey;cb;0,000318503;2,765826563;412,3305806;185,2378877;0,020223528;2,405366958;1,532183752;446,4591613;
04/08/2023;15:39:08;3;BQ9;cooled;1;ey;cb;0,000339925;2,820902786;412,9522;192,7228487;0,021315646;2,432571252;1,551208068;493,4847;
04/08/2023;15:39:54;3;BQ9;cooled;1;ey;cb;0,000313373;2,737690826;412,6501613;180,9291505;0,019607768;2,449012408;1,553918464;320,2846774;
04/08/2023;15:43:41;3;BQ9;cooled;2;ez;cb;0,000410097;3,509565991;411,8836667;186,207449;0,025859626;2,4422095;1,543994671;270,1335333;
04/08/2023;15:44:45;3;BQ9;cooled;2;ez;cb;0,000441535;3,369575562;410,8692;208,348678;0,027826263;2,455546934;1,545214851;290,9233;
04/08/2023;15:46:51;3;BQ9;cooled;2;ez;cb;0,000443822;3,510570916;410,0796;195,5470368;0,027304836;2,459744754;1,582228933;334,2557;
04/08/2023;15:51:32;3;BQ9;cooled;3;fa;cb;0,000625753;2,957088094;407,855129;251,0115762;0,032438775;2,142001467;1,882938159;117,6210645;
04/08/2023;15:52:29;3;BQ9;cooled;3;fa;cb;0,000459353;2,842263706;408,8987742;204,6088959;0,023453185;2,116986242;1,908819635;116,8596774;
04/08/2023;15:53:22;3;BQ9;cooled;3;fa;cb;0,000425207;2,991577183;407,9080968;176,8956892;0,021656748;2,11458977;1,912937069;116,5181613;
04/08/2023;17:25:48;3;BC5;control;1;fb;cc;0,001046052;6,749765454;396,6278333;237,6239291;0,0720916;2,268792113;1,429078778;197,6428333;
04/08/2023;17:26:46;3;BC5;control;1;fb;cc;0,00105324;6,790803638;396,8768333;238,1580882;0,072673579;2,275957275;1,427436818;152,6789;
04/08/2023;17:27:59;3;BC5;control;1;fb;cc;0,001059959;6,931564934;397,5021613;235,9357653;0,072817677;2,279333104;1,433678169;183,3160645;
04/08/2023;17:34:04;3;BC5;control;2;fc;cc;0,0017174;8,581380551;398,4681;276,159824;0,122210533;2,280505643;1,397146257;59,54911333;
04/08/2023;17:34:28;3;BC5;control;2;fc;cc;0,001765204;8,683841357;398,6569677;277,4152742;0,12495298;2,287108466;1,405083437;50,25862581;
04/08/2023;17:34:44;3;BC5;control;2;fc;cc;0,001762578;8,717959715;398,9239643;274,0828065;0,12168494;2,293883852;1,43933187;47,75556429;
04/08/2023;17:41:57;3;BC5;control;3;fd;cc;0,001082122;6,321045079;400,4393226;259,3561155;0,0766759;2,282344948;1,391241995;21,51687097;
04/08/2023;17:44:26;3;BC5;control;3;fd;cc;0,001107301;6,462005188;400,2302903;260,3255458;0,079085246;2,285232148;1,381035747;25,74478387;
04/08/2023;17:45:12;3;BC5;control;3;fd;cc;0,001125835;6,588582596;400,4054516;259,21303;0,079891085;2,26731573;1,390398263;22,51222258;
04/08/2023;17:48:13;3;BC6;control;1;fe;cd;0,001151593;6,934516286;400,7026774;258,0624409;0,083144894;2,254435764;1,367826111;50,46113871;
04/08/2023;17:49:02;3;BC6;control;1;fe;cd;0,001145133;7,169749172;401,2999;253,5119448;0,082776612;2,254294101;1,366032158;45,22998;
04/08/2023;17:52:29;3;BC6;control;1;fe;cd;0,001102862;7,34757503;400,9815484;243,79771;0,079420833;2,255649998;1,370302104;85,89499032;
04/08/2023;18:01:11;3;BC6;control;2;ff;cd;0,001326983;8,422474973;397,7797742;248,1750871;0,096135803;2,249862288;1,366334953;84,04893871;outlier
04/08/2023;18:03:08;3;BC6;control;2;ff;cd;0,001304873;8,517558285;397,9789667;245,9728102;0,095533865;2,272262948;1,351770691;49,59727667;outlier
04/08/2023;18:05:42;3;BC6;control;2;ff;cd;0,001309545;8,732210538;398,9865484;243,2328876;0,095477181;2,266515534;1,357444686;28,66209355;outlier
04/08/2023;18:16:58;3;BC6;control;3;fg;cd;0,00107928;7,8624729;401,2647742;231,334659;0,078224161;2,235409171;1,361530923;37,58575806;outlier
04/08/2023;18:20:17;3;BC6;control;3;fg;cd;0,001067688;7,807345829;399,6712333;231,0384825;0,078251791;2,242039325;1,346512208;58,21655667;outlier
04/08/2023;18:22:35;3;BC6;control;3;fg;cd;0,001098773;7,809139145;398,543129;233,7670234;0,080231155;2,23203673;1,3520931;61,37289032;outlier
07/08/2023;11:08:09;4;BQ10;cooled;1;fh;ce;0,001376799;8,507593595;424,6742667;259,5245504;0,088229306;2,475874868;1,540725073;155,2336667;
07/08/2023;11:08:36;4;BQ10;cooled;1;fh;ce;0,001408449;8,590319047;428,7247333;265,5536333;0,09032909;2,485214628;1,540002936;157,1382667;
07/08/2023;11:11:42;4;BQ10;cooled;1;fh;ce;0,001363999;8,061139485;443,2949355;284,8638854;0,087651984;2,496859951;1,535889311;261,1122581;
07/08/2023;11:15:07;4;BQ10;cooled;2;fi;ce;0,000504886;4,460493423;447,2065484;207,2249041;0,03099517;2,493782468;1,590358486;285,8255484;
07/08/2023;11:16:12;4;BQ10;cooled;2;fi;ce;0,000557706;4,599431979;445,6710667;221,0646455;0,034278159;2,498483945;1,589416639;255,3361333;
07/08/2023;11:16:42;4;BQ10;cooled;2;fi;ce;0,000616166;4,74665295;444,7785806;234,289551;0,037902307;2,505095382;1,589012725;250,5349032;
07/08/2023;11:19:41;4;BQ10;cooled;3;fj;ce;0,000832401;6,025995461;439,3650323;250,1121984;0,053836838;2,510310105;1,516412537;260,5853871;
07/08/2023;11:20:21;4;BQ10;cooled;3;fj;ce;0,000905086;6,102546293;438,3010667;259,8719095;0,058096896;2,511119435;1,529011961;275,5437333;
07/08/2023;11:20:52;4;BQ10;cooled;3;fj;ce;0,000856861;6,162615816;437,5201333;247,2245565;0,054762841;2,514025963;1,534620366;264,4483667;
07/08/2023;11:24:54;4;BQ11;cooled;1;fk;cf;0,000629271;2,474109076;436,7266129;325,2958193;0,039215085;2,523513189;1,568839267;144,7699355;
07/08/2023;11:25:22;4;BQ11;cooled;1;fk;cf;0,000668324;2,460765091;436,2107419;330,8404589;0,041535298;2,529500507;1,573581341;144,8499032;
07/08/2023;11:26:00;4;BQ11;cooled;1;fk;cf;0,000601813;2,442467736;435,383;320,0779422;0,037270318;2,531348093;1,577828526;145,0333226;
07/08/2023;11:37:03;4;BQ11;cooled;2;fl;cf;0,000927157;6,847341415;420,6050333;222,7736724;0,058337068;2,527400742;1,55948177;213,1077667;
07/08/2023;11:38:23;4;BQ11;cooled;2;fl;cf;0,000948831;6,890191909;419,9534;224,9899723;0,059626426;2,526278837;1,561798005;214,3146;
07/08/2023;11:39:17;4;BQ11;cooled;2;fl;cf;0,00098774;6,928767327;419,4271667;230,6556389;0,062066231;2,528900162;1,56263865;210,6542667;
07/08/2023;11:42:16;4;BQ11;cooled;3;fm;cf;0,000511861;3,534540583;421,8568667;235,1923092;0,031901799;2,536119545;1,566355628;89,10566667;
07/08/2023;11:43:05;4;BQ11;cooled;3;fm;cf;0,000470462;3,695577103;421,0955484;210,4197848;0,029333349;2,544612194;1,56502034;89,53223548;
07/08/2023;11:45:59;4;BQ11;cooled;3;fm;cf;0,00048019;3,856805835;419,633;203,6527123;0,0298236;2,548374038;1,571115034;91,93889677;
07/08/2023;11:49:47;4;BQ12;cooled;1;fn;cg;0,000832374;6,001872041;415,5484333;217,5083264;0,051037164;2,544061242;1,597622698;66,51434;
07/08/2023;11:50:08;4;BQ12;cooled;1;fn;cg;0,000916313;6,015780205;415,3422;232,5329911;0,055748343;2,554516545;1,611330641;66,74460333;
07/08/2023;11:51:32;4;BQ12;cooled;1;fn;cg;0,000824762;6,045414573;414,6254667;213,5527591;0,050577514;2,556398271;1,597152508;64,06589333;
07/08/2023;11:57:16;4;BQ12;cooled;2;fo;cg;0,00176975;6,937762727;412,1855484;302,4621728;0,112396438;2,53346164;1,560757789;60,85134516;
07/08/2023;12:00:24;4;BQ12;cooled;2;fo;cg;0,001769099;6,988145535;411,499871;301,6362291;0,112986389;2,544038902;1,552042904;60,40307742;
07/08/2023;12:02:17;4;BQ12;cooled;2;fo;cg;0,001710082;6,989718343;411,3031;297,9191028;0,10908444;2,543743104;1,552987148;59,93390667;
07/08/2023;12:06:51;4;BQ12;cooled;3;fp;cg;0,001453724;6,10488376;411,681129;294,7590405;0,091914472;2,561764588;1,561328084;19,72079032;
07/08/2023;12:07:29;4;BQ12;cooled;3;fp;cg;0,001520165;6,169252682;411,5441935;297,903301;0,095918549;2,557706083;1,565898325;19,67156774;
07/08/2023;12:08:36;4;BQ12;cooled;3;fp;cg;0,00143601;6,186743831;411,5189667;291,4464271;0,09047114;2,557241844;1,566670296;19,83688;
09/08/2023;11:19:31;4;BC8;control;1;fq;ch;0,001758798;6,849216587;411,3798571;306,8456971;0,11665101;2,397269102;1,51314468;47,48138571;
09/08/2023;11:20:14;4;BC8;control;1;fq;ch;0,001836113;6,807438627;411,3518;311,0378941;0,121486014;2,379016087;1,51840321;45,50798333;
09/08/2023;11:20:44;4;BC8;control;1;fq;ch;0,001985876;7,012945527;411,1261613;315,9747291;0,13284356;2,390873897;1,504903618;43,13667742;
09/08/2023;11:23:01;4;BC8;control;2;fr;ch;0,002552877;7,861150113;410,3872581;323,2043311;0,165761533;2,40312872;1,559235736;147,4147419;
09/08/2023;11:23:59;4;BC8;control;2;fr;ch;0,002481569;7,913827455;411,0141333;320,2483371;0,159483063;2,420794765;1,57313193;143,2236333;
09/08/2023;11:24:36;4;BC8;control;2;fr;ch;0,002497151;8,053226706;411,7196452;319,6018867;0,159735449;2,432403497;1,580373975;147,5823226;
09/08/2023;11:28:33;4;BC8;control;3;fs;ch;0,001623514;6,91393915;415,8552258;298,0101154;0,103432024;2,413292023;1,570806215;283,4733548;
09/08/2023;11:28:59;4;BC8;control;3;fs;ch;0,001701941;7,054439083;415,6007333;300,8908187;0,108772462;2,417937006;1,567340475;286,5319333;
09/08/2023;11:30:31;4;BC8;control;3;fs;ch;0,001608945;6,957299813;414,0330645;299,1086684;0,106647647;2,408300512;1,511285861;135,3018065;
09/08/2023;12:38:47;4;BC7;control;1;ft;ci;0,001841923;7,485224617;393,4743333;292,2074479;0,130941076;2,328945438;1,417838674;150,7884;
09/08/2023;12:40:51;4;BC7;control;1;ft;ci;0,001875537;7,563737528;394,1259677;292,7981563;0,132365011;2,323005085;1,428455932;401,1667742;
09/08/2023;12:41:50;4;BC7;control;1;ft;ci;0,001900452;7,723330372;394,5949667;292,3012017;0,133829779;2,335903454;1,431698989;514,1494;
09/08/2023;12:45:18;4;BC7;control;2;fu;ci;0,002163595;7,877155856;397,1788667;302,6018744;0,149578222;2,337390059;1,462276501;245,6345667;
09/08/2023;12:45:49;4;BC7;control;2;fu;ci;0,002137776;8,030133811;397,5105667;300,4829453;0,148168609;2,348864836;1,458137867;255,4700333;
09/08/2023;12:46:25;4;BC7;control;2;fu;ci;0,002075651;7,90724126;397,9235333;299,8186649;0,144031142;2,358174593;1,455274494;263,5429667;
09/08/2023;12:53:09;4;BC7;control;3;fv;ci;0,002023677;9,587406773;396,735871;278,9566391;0,142730982;2,330862286;1,432009145;433,7167742;
09/08/2023;12:53:51;4;BC7;control;3;fv;ci;0,001967479;9,654489116;396,6372333;274,1565514;0,137723486;2,338001078;1,44135386;432,4373333;
09/08/2023;12:55:01;4;BC7;control;3;fv;ci;0,001962322;9,759519579;398,2945;273,2237155;0,136199175;2,343327682;1,453102167;282,3182667;
09/08/2023;14:56:02;4;BQ12;cooled;1;fw;cj;0,000751982;4,133287588;392,8223667;253,2889529;0,050589938;2,355031053;1,474998267;371,5894;
09/08/2023;14:57:56;4;BQ12;cooled;1;fw;cj;0,00072487;4,598793056;393,9794;232,3331;0,048136388;2,358265064;1,493324554;366,7281333;
09/08/2023;14:58:20;4;BQ12;cooled;1;fw;cj;0,000805325;4,699174644;394,143;243,5872562;0,053118997;2,363360401;1,504691632;350,6803871;
09/08/2023;15:04:14;4;BQ12;cooled;2;fx;cj;0,001376826;6,343886029;396,6506774;279,3006354;0,094247792;2,360542275;1,461574092;214,7850323;
09/08/2023;15:06:42;4;BQ12;cooled;2;fx;cj;0,00134211;6,473592357;399,3463333;276,0181855;0,091183431;2,374100866;1,471298708;310,2491667;
09/08/2023;15:07:05;4;BQ12;cooled;2;fx;cj;0,00141882;6,540491053;399,6915667;280,4076966;0,095650455;2,381631758;1,48374639;347,6476333;
09/08/2023;15:11:26;4;BQ12;cooled;3;fy;cj;0,00414106;3,84048661;417,4341;350,9171174;0,133450069;0,673387581;3,153476815;322,1349333;low VP, high VD
09/08/2023;15:14:00;4;BQ12;cooled;3;fy;cj;0,001400464;4,539128243;413,1124;208,1914811;0,039082312;0,249262793;3,586347671;359,7897333;low VP, high VD
09/08/2023;15:15:13;4;BQ12;cooled;3;fy;cj;0,00132756;4,537183655;413,2847333;197,0339875;0,036783594;0,23297757;3,610704336;360,5366667;low VP, high VD
09/08/2023;15:21:18;4;BQ11;cooled;1;fz;ck;-0,001365106;0,805072069;402,8312333;405,525515;-0,146870091;3,011358729;0,885100592;295,5184;negative gsw
09/08/2023;15:22:56;4;BQ11;cooled;1;fz;ck;0,000566929;1,037035351;401,1925161;373,3427284;0,073040772;3,100999999;0,770354146;314,1889032;
09/08/2023;15:23:43;4;BQ11;cooled;1;fz;ck;0,001025659;1,001165217;401,2455;383,2030748;0,126999266;3,060772937;0,809742079;310,2200667;
09/08/2023;15:28:19;4;BQ11;cooled;2;ga;ck;0,000577709;3,174158649;400,1817097;293,8289184;0,051187065;2,790173505;1,117220654;32,70777742;
09/08/2023;15:29:03;4;BQ11;cooled;2;ga;ck;0,000586601;3,16028995;400,6384333;294,7216906;0,051239898;2,774054379;1,133359546;32,43209667;
09/08/2023;15:29:22;4;BQ11;cooled;2;ga;ck;0,000626404;3,097061755;400,7153;299,7566197;0,053007828;2,769308845;1,170116069;31,75301;
09/08/2023;15:31:50;4;BQ11;cooled;3;gb;ck;0,000486562;5,508068046;398,548129;187,777561;0,043193894;2,688106556;1,114527972;156,8287742;
09/08/2023;15:32:11;4;BQ11;cooled;3;gb;ck;0,000622478;5,712134327;398,4977667;224,1985043;0,05469142;2,700183915;1,128323965;159,7761;
09/08/2023;15:32:32;4;BQ11;cooled;3;gb;ck;0,000687936;5,723485396;398,6371333;238,9317628;0,06011357;2,705185923;1,135524651;158,6035333;
09/08/2023;15:34:57;4;BQ10;cooled;1;gc;cl;0,000557126;5,390029885;399,7466774;208,8229716;0,046942886;2,68537848;1,174798051;253,3341613;
09/08/2023;15:35:30;4;BQ10;cooled;1;gc;cl;0,000682777;5,505981056;399,630129;239,6357824;0,05777667;2,700182978;1,172004888;255,0490968;
09/08/2023;15:35:49;4;BQ10;cooled;1;gc;cl;0,000747116;5,547765993;399,5568667;246,9010538;0,061275957;2,708332486;1,20964963;255,6470333;
09/08/2023;15:38:00;4;BQ10;cooled;2;gd;cl;8,29E-05;0,455527996;406,2213333;284,1067152;0,006349872;2,628622278;1,282423405;260,8203333;
09/08/2023;15:39:16;4;BQ10;cooled;2;gd;cl;0,000221992;0,436410454;406,2966333;357,3177966;0,017071926;2,637434;1,280018888;243,7026;
09/08/2023;15:39:33;4;BQ10;cooled;2;gd;cl;0,000252659;0,491499305;406,2707;355,4518061;0,018559531;2,637177357;1,340033405;237,3849667;
09/08/2023;15:41:24;4;BQ10;cooled;3;ge;cl;0,000483384;2,014635744;403,5573548;312,748239;0,038787757;2,629567577;1,232047726;160,7279677;
09/08/2023;15:42:09;4;BQ10;cooled;3;ge;cl;0,000672045;2,159642387;403,5442333;332,3163056;0,054541062;2,646086581;1,221564221;140,3081333;
09/08/2023;15:42:26;4;BQ10;cooled;3;ge;cl;0,000799668;2,194146371;403,5171786;338,7928435;0,062192914;2,657953579;1,276006378;140,8371786;
10/08/2023;14:55:18;4;BQ11;cooled;1;gf;cm;0,000725872;2,773926414;404,7506333;313,381285;0,053596074;2,145922452;1,355542597;51,63649333;
10/08/2023;14:59:38;4;BQ11;cooled;1;gf;cm;0,00075521;3,296680927;410,8559355;307,8561841;0,055923978;2,160273;1,351985723;66,53566452;
10/08/2023;15:02:38;4;BQ11;cooled;1;gf;cm;0,000750671;3,029104907;413,3819;317,8187831;0,055806264;2,166759953;1,346687366;67,25983333;
10/08/2023;15:09:40;4;BQ11;cooled;2;gg;cm;0,000887713;6,291752651;412,3434194;252,4807196;0,066629746;2,146452087;1,33687086;31,55533548;
10/08/2023;15:10:55;4;BQ11;cooled;2;gg;cm;0,000873832;6,476442376;412,3086333;244,9918601;0,065356728;2,151609772;1,341181967;31,06576333;
10/08/2023;15:11:48;4;BQ11;cooled;2;gg;cm;0,000933854;6,594125712;412,5219032;251,8235095;0,069509666;2,149305907;1,348695084;29,39855806;
10/08/2023;15:19:30;4;BQ11;cooled;3;gh;cm;0,000486726;4,753500339;415,4002581;195,4335136;0,035862649;2,165192033;1,353627581;93,85973548;
10/08/2023;15:20:45;4;BQ11;cooled;3;gh;cm;0,000504779;4,885744907;414,6705667;195,8067697;0,03706276;2,169958143;1,358649355;79,92066;
10/08/2023;15:23:35;4;BQ11;cooled;3;gh;cm;0,000504221;5,128744955;413,9375667;184,2693134;0,036998868;2,172085243;1,359517225;70,55472667;
10/08/2023;15:34:26;4;BQ10;cooled;1;gi;cn;0,000342144;2,686222796;415,7530333;234,0939401;0,024736439;2,175313723;1,376573692;95,04779;
10/08/2023;15:35:40;4;BQ10;cooled;1;gi;cn;0,00033115;2,763748403;415,3727;224,5849648;0,024159566;2,189163652;1,363927405;96,35084667;
10/08/2023;15:36:36;4;BQ10;cooled;1;gi;cn;0,000338929;2,803781213;415,1418065;225,6902602;0,024693809;2,19127336;1,365860483;92,8869129;
10/08/2023;15:46:27;4;BQ10;cooled;2;gj;cn;0,000705823;3,173150216;411,0014;304,0976424;0,051694196;2,165702516;1,365924885;39,82055;
10/08/2023;15:47:07;4;BQ10;cooled;2;gj;cn;0,000648217;3,246704201;410,5643226;292,9887097;0,047646774;2,173625403;1,359936342;43,1021129;
10/08/2023;15:47:51;4;BQ10;cooled;2;gj;cn;0,000698426;3,306976558;409,9834194;298,5503398;0,05145679;2,177057729;1,357673639;48,04733871;
10/08/2023;16:03:24;4;BQ10;cooled;3;gk;cn;0,000279206;1,998776574;404,7549667;241,522418;0,02054382;2,167908377;1,351831092;61,59454;
10/08/2023;16:04:13;4;BQ10;cooled;3;gk;cn;0,000226947;2,08372405;404,3654333;197,8572976;0,016718658;2,174358443;1,349140716;65,98630667;
10/08/2023;16:09:22;4;BQ10;cooled;3;gk;cn;0,000294599;2,223983744;403,6256333;231,5912704;0,021629102;2,167623527;1,354955766;61,92109;
10/08/2023;16:14:54;4;BQ12;cooled;1;gl;co;0,00050567;4,343928057;402,7506774;209,1052536;0,03739296;2,152460767;1,349282693;132,9127742;
10/08/2023;16:15:21;4;BQ12;cooled;1;gl;co;0,000545925;4,49251521;402,7069;216,1250696;0,040231544;2,155355487;1,354581915;141,5338333;
10/08/2023;16:15:43;4;BQ12;cooled;1;gl;co;0,000509246;4,67255145;402,7113333;194,9698058;0,037382465;2,167627219;1,358973105;144,4967333;
10/08/2023;16:22:04;4;BQ12;cooled;2;gm;co;0,000511092;3,804298722;406,8793333;234,2277435;0,036991808;2,191955677;1,377781206;242,3339;
10/08/2023;16:22:33;4;BQ12;cooled;2;gm;co;0,000541077;3,873951771;407,0116333;239,1964038;0,03884285;2,192200258;1,389508007;254,8507333;
10/08/2023;16:24:52;4;BQ12;cooled;2;gm;co;0,000523946;3,900375352;408,3567667;233,3132057;0,037411408;2,208875878;1,396330971;262,0255667;
10/08/2023;16:31:54;4;BQ12;cooled;3;gn;co;0,001118434;7,375541554;405,6320333;251,0053387;0,081161291;2,208907877;1,385232959;210,2839667;
10/08/2023;16:35:23;4;BQ12;cooled;3;gn;co;0,00108928;7,353684043;406,1821613;247,4110328;0,078673562;2,232848128;1,390781005;276,3442581;
10/08/2023;16:37:15;4;BQ12;cooled;3;gn;co;0,001084991;7,396990297;406,5760645;243,8591654;0,077147295;2,237730832;1,411978453;478,0193226;
10/08/2023;16:46:04;4;BC7;control;1;go;cp;0,002356712;9,611126544;403,8429667;306,5190494;0,176629582;2,262442551;1,364031438;194,8636667;
10/08/2023;16:46:21;4;BC7;control;1;go;cp;0,002515167;9,676522494;403,9400345;308,0698617;0,18156661;2,27808307;1,416798244;225,5397241;
10/08/2023;16:46:35;4;BC7;control;1;go;cp;0,002624533;9,702069311;404,126;310,8635062;0,188047556;2,280005785;1,429070939;201,97348;
10/08/2023;16:50:46;4;BC7;control;2;gp;cp;0,000906495;5,403175206;409,5944516;263,7020656;0,063238699;2,278867477;1,434687876;188,7470645;
10/08/2023;16:51:46;4;BC7;control;2;gp;cp;0,000872125;5,443505326;409,6053333;256,7429358;0,060602079;2,283587146;1,439519059;190,6865667;
10/08/2023;16:51:59;4;BC7;control;2;gp;cp;0,000918165;5,463004822;409,57716;257,0376558;0,061104613;2,293254958;1,50251574;189,4604;
10/08/2023;16:57:16;4;BC7;control;3;gq;cp;0,001726428;8,011867744;406,1391333;291,8340149;0,122957872;2,284038316;1,420471246;154,0806;
10/08/2023;16:59:44;4;BC7;control;3;gq;cp;0,001728726;8,091011866;405,0756452;289,7160033;0,122924709;2,295401969;1,422540778;172,4407097;
10/08/2023;17:00:17;4;BC7;control;3;gq;cp;0,001754993;8,079391869;404,8195161;290,9842749;0,124579937;2,299687582;1,425329903;177,7719355;
10/08/2023;17:04:42;4;BC8;control;1;gr;cq;0,001649313;8,025189411;403,5705667;283,5249311;0,116655365;2,294837499;1,428621914;279,2098333;
10/08/2023;17:05:15;4;BC8;control;1;gr;cq;0,001634997;7,966127245;403,6125333;283,1455191;0,115354848;2,300516174;1,431772046;286,9984667;
10/08/2023;17:05:43;4;BC8;control;1;gr;cq;0,001644777;8,090516466;403,4289355;282,1336458;0,116287792;2,313304768;1,428853114;291,0487742;
10/08/2023;17:11:49;4;BC8;control;2;gs;cq;0,001410095;6,311705352;403,77;291,6499543;0,098602273;2,312277284;1,440012667;233,4335667;
10/08/2023;17:12:21;4;BC8;control;2;gs;cq;0,001438177;6,272604296;403,5319333;294,3102684;0,100844607;2,318909887;1,436561997;219,6703667;
10/08/2023;17:12:42;4;BC8;control;2;gs;cq;0,001435067;6,360516938;403,2630645;290,7878138;0,099115059;2,325471034;1,457714254;213,6059355;
10/08/2023;17:17:10;4;BC8;control;3;gt;cq;0,001557725;7,478899287;401,3281613;281,9491097;0,109251478;2,314272088;1,438670737;166,7627742;
10/08/2023;17:19:04;4;BC8;control;3;gt;cq;0,001560604;7,419611284;400,962871;284,210693;0,110945314;2,317285571;1,419826209;137,587129;
10/08/2023;17:19:25;4;BC8;control;3;gt;cq;0,001618337;7,538285353;400,7408333;285,3147253;0,114243917;2,321096351;1,4306197;155,4141333;
